session,sid,gsr,amp_inf,amp_neu,dEM_edge_run,dEM_edge_cond,amp_diff
1,1,none,0.463414744396062,0.4973195872523948,-0.15783889838545373,-0.06658263430622369,-0.03390484285633277
1,1,gsr,0.63174689596063,0.6635950941824377,-0.05898835373347755,-0.021549515530646213,-0.03184819822180762
1,2,none,0.46633685086087445,0.47611485216939814,-0.07934323728905834,-0.01893756365604604,-0.009778001308523687
1,2,gsr,0.4564874804464192,0.41269178756406527,0.014703417735313251,0.017397571199236794,0.04379569288235391
1,5,none,0.4002401847445854,0.5192367505629057,0.9562097404460239,0.19278855284757812,-0.11899656581832035
1,5,gsr,0.5539197791283571,0.5773391584455456,-0.22052409589201216,-0.02381596098853067,-0.023419379317188516
1,7,none,0.5393062805277062,0.5197311363802173,-0.27145987445832065,-0.2070602470782117,0.019575144147488954
1,7,gsr,0.5801576622675833,0.5555669182408869,-0.10233427856109001,-0.06150208387235545,0.024590744026696365
1,8,none,0.5128810366110801,0.540166179178177,0.08331365399611435,-0.18741168016490772,-0.02728514256709691
1,8,gsr,0.5998487176654351,0.610079295067139,-0.2193322612120523,-0.057569106195026754,-0.010230577401703855
1,9,none,0.5309707068344829,0.5641245710885119,-0.17109705296114996,-0.05257640047350476,-0.033153864254029
1,9,gsr,0.6005059730019242,0.6341317356596093,-0.13087386900610687,-0.013112476680757323,-0.03362576265768513
1,10,none,0.6004861256472468,0.6436743444533023,-0.05982135855660997,-0.022496124607880752,-0.0431882188060555
1,10,gsr,0.603252871856417,0.6179277896209917,-0.14548658382805946,-0.02744886701107574,-0.014674917764574746
1,11,none,0.5961870773714029,0.6942709959782526,-0.1828316175706699,-0.014992254636255309,-0.09808391860684973
1,11,gsr,0.5929712183474499,0.6609636370499757,-0.09638152773645503,-0.0016835110607398285,-0.06799241870252581
1,12,none,0.7440872387152624,0.6357664475533388,0.015064187401411688,-0.001998047297659511,0.10832079116192361
1,12,gsr,0.7084336529944304,0.7331450228006572,-0.11512104875326856,-0.045662572560313475,-0.02471136980622679
1,13,none,0.5118700462583856,0.47017521960836967,0.26307259640712455,0.07408913202813694,0.04169482665001595
1,13,gsr,0.6892500044814548,0.6600400545260959,0.08040688352453218,0.034279135313479925,0.02920994995535886
1,14,none,0.4335764710540303,0.4832397615823367,-0.04878641602426803,-0.026999990321449507,-0.049663290528306425
1,14,gsr,0.4879984802130844,0.5474885689211048,-0.027278796748861245,-0.08744157100601568,-0.05949008870802036
1,15,none,0.6978940332846337,0.5902927325018371,0.1966965789180274,0.015056200019437638,0.10760130078279662
1,15,gsr,0.7548856277972613,0.6326310911258036,0.12613511120043108,0.004645265563240852,0.12225453667145769
1,16,none,0.6784012406303845,0.6224125309804086,-0.013474661601460713,0.0011349447695079284,0.05598870964997593
1,16,gsr,0.6862319658060624,0.6920194748225368,-0.2418233597439956,-0.13022700871447823,-0.005787509016474401
1,17,none,0.5060776981708287,0.48974175833115313,-0.32940056383880945,-0.15655093364302863,0.016335939839675573
1,17,gsr,0.5439849551470373,0.5476900697260124,-0.20760659089686084,-0.07759189248195764,-0.003705114578975155
1,18,none,0.5940465542598703,0.6920928114765253,-0.15933048092638824,-0.02789911931428879,-0.09804625721665505
1,18,gsr,0.6352244490096197,0.653453568640944,-0.06088058248175432,-0.008968649354429092,-0.01822911963132423
1,19,none,0.38770824111734925,0.3534305194813148,-0.09038963611977435,-0.05475494818351068,0.03427772163603443
1,19,gsr,0.6294332862084412,0.606717758028655,-0.1449682626087403,-0.0386671676323449,0.02271552817978617
1,20,none,0.6662806744763493,0.5983449578145128,-0.042611804913615936,-0.03502841098374576,0.06793571666183651
1,20,gsr,0.5896330581445712,0.5652996102354586,-0.020547637443822486,-0.009373673079680733,0.024333447909112627
1,22,none,0.48112619716363003,0.44780992160389405,-0.13165640436164616,-0.12570512165003356,0.033316275559735986
1,22,gsr,0.47797323691782145,0.44744765824753946,-0.06491957727630493,0.006504907268545246,0.030525578670281994
1,23,none,0.5839767477410119,0.6433341732255343,0.05471250152938678,-0.012416851419774,-0.059357425484522386
1,23,gsr,0.5882700194221103,0.6087166880992532,0.025611308711426473,0.011080601533417278,-0.020446668677142843
1,24,none,0.5288045953000731,0.532886657345481,-0.03331207571660011,0.006227876003767063,-0.004082062045407953
1,24,gsr,0.5610644030958645,0.5732052933532185,0.021436009782492937,0.009079321411432861,-0.012140890257353987
1,25,none,0.6645430100148697,0.6447763738222229,-0.0703020156620815,-0.03597128003047667,0.019766636192646847
1,25,gsr,0.6290350542269465,0.6245321823703157,-0.046711704308135094,-0.01927935394212832,0.004502871856630786
1,26,none,0.580764875133905,0.5661004495128886,0.0079100171459906,0.0210669556460088,0.01466442562101633
1,26,gsr,0.5632666485076723,0.536763021955196,-0.006175352233509734,0.0013552448394869021,0.02650362655247629
1,27,none,0.69127840658838,0.6086923216178828,-0.13836807169317233,0.17925251594282465,0.08258608497049724
1,27,gsr,0.628663614766763,0.5722621091302854,-0.11115232297775335,-0.13358456925905648,0.05640150563647761
1,29,none,0.4144834354543705,0.47218969257321114,-0.1724146887095207,-0.056379202995739286,-0.05770625711884064
1,29,gsr,0.44634256830426117,0.49096254837492886,-0.20382490761675043,-0.10608211225622699,-0.0446199800706677
1,31,none,0.46139112931894344,0.5333520143341764,-0.03208119036216017,-0.02000106862523121,-0.07196088501523301
1,31,gsr,0.5992317059881572,0.6943270526412942,-0.0939356725529783,-0.0032677308232336166,-0.09509534665313701
1,32,none,0.5817932490354822,0.622631853273254,0.10927452840832808,-0.04643285904309402,-0.04083860423777175
1,32,gsr,0.5645799175130974,0.6521585754706464,-0.36130581860700095,-0.1174115757732419,-0.08757865795754893
1,33,none,0.5444833206264831,0.5100020195396061,-0.11099863908165597,0.007988854047155769,0.03448130108687697
1,33,gsr,0.5360935077919119,0.5035280500547946,-0.14532283352419428,-0.00855213449680492,0.032565457737117276
1,36,none,0.6618539397939875,0.6867975977481231,-0.09997850055775614,-0.02334294863423092,-0.024943657954135556
1,36,gsr,0.6617762135557939,0.6481531558819112,-0.11728954901614086,-0.06339519047790643,0.01362305767388261
1,37,none,0.5397729708271457,0.47123927404420485,-0.13669603037360778,-0.05399757134693295,0.06853369678294086
1,37,gsr,0.843318228246886,0.7692601499233906,0.09079178983249736,0.013674029134663757,0.07405807832349531
1,38,none,0.5943732231642825,0.5714829710095247,0.23287249125274623,0.050564344007962614,0.022890252154757817
1,38,gsr,0.5765436682982826,0.578607902580974,0.02589982773651134,-0.021668465756620736,-0.002064234282691424
1,39,none,0.5293343252384759,0.4808715749323856,-0.26866756423818494,-0.10250378093113177,0.04846275030609032
1,39,gsr,0.6076841233498652,0.5640495730333233,-0.14687915587524514,-0.054193315873872105,0.043634550316541953
1,40,none,0.5552113548147044,0.5274470057462423,-0.462453957713,-0.2786765288869437,0.027764349068462146
1,40,gsr,0.6745367438620697,0.6177769227022258,-0.02342240758097458,-0.007062049622820088,0.056759821159843904
1,41,none,0.5079483345141438,0.5736448054686141,-0.5771138289675319,-0.31457325937539404,-0.06569647095447029
1,41,gsr,0.686778668902126,0.6538482520917076,0.055402522942268106,0.08751336198528681,0.03293041681041842
1,42,none,0.6917994197917376,0.6310884759302824,-0.009413187198312967,-0.030144155467847433,0.06071094386145526
1,42,gsr,0.6692769514846315,0.6180312563070564,0.03328612381070062,-0.006468029193554159,0.05124569517757516
1,43,none,0.43566358409539463,0.39458341300942534,0.14711374302071212,0.006845903548559296,0.041080171085969286
1,43,gsr,0.4469868081426607,0.42803372485762275,-0.013950872623000099,-0.0003714419940712421,0.01895308328503792
1,44,none,0.4414534032136605,0.6486070587640002,0.025707682328878878,-0.002537896410553797,-0.20715365555033965
1,44,gsr,0.6382514039789399,0.8445714813340933,-0.3308215530669818,-0.07561719872624595,-0.20632007735515345
1,46,none,0.42536345965551303,0.44951496453652556,0.3014688529576557,0.04085450714629335,-0.02415150488101253
1,46,gsr,0.5421797550242127,0.49208132579345404,0.12142443445079598,0.04097354070845749,0.050098429230758634
1,47,none,0.7762649252824664,0.6755066784625618,0.07702962327577134,0.004903750807086826,0.10075824681990453
1,47,gsr,0.7130751200320345,0.6627018620554006,0.01406092290344585,-0.007620197905819692,0.050373257976633945
1,48,none,0.5690486408861526,0.568805247481907,-0.013128747570507304,-0.026593053501283714,0.00024339340424561762
1,48,gsr,0.6732712733897583,0.6343092344864901,-0.15054289729047476,-0.057147752126046614,0.038962038903268215
1,49,none,0.6621480842554014,0.6400596973701456,-0.04045288326782337,-0.020195316413310405,0.02208838688525583
1,49,gsr,0.6807068703323566,0.6321570725362659,0.059388945829517814,0.013339341921501768,0.0485497977960907
1,50,none,0.4563747418695113,0.46063503902209774,-0.2564760187510535,-0.06202911895567953,-0.004260297152586412
1,50,gsr,0.7090311393314035,0.7219882091363338,-0.05024474619192498,-0.0066617011133904835,-0.012957069804930277
1,52,none,0.6272052244772381,0.6621208265452585,-0.08097006592230693,-0.017102749287692065,-0.03491560206802036
1,52,gsr,0.6908297518581656,0.7096472829953316,-0.06952227579032377,-0.007984229239778484,-0.018817531137166
1,53,none,0.4896910686965478,0.5322926742223851,-0.32293128407855054,-0.1547760250405883,-0.042601605525837305
1,53,gsr,0.5975287514041707,0.6252641234872108,-0.07253683767643415,-0.05029499784030733,-0.02773537208304011
1,55,none,0.5523518918043143,0.5556081193214585,-0.053709018348282234,-0.0626347508037779,-0.0032562275171441613
1,55,gsr,0.7407739084636098,0.7000024214172997,-0.0815783815079334,-0.017896862413655734,0.04077148704631006
2,1,none,0.4633951913443301,0.4972641283663305,-0.15775786426763794,-0.06663127739821206,-0.03386893702200039
2,1,gsr,0.6317677330914953,0.6636476868220921,-0.058819295567598906,-0.021480462003415468,-0.03187995373059682
2,2,none,0.5108674778213503,0.6572211877241857,-0.12305620785680471,0.09555098790933902,-0.14635370990283536
2,2,gsr,0.5416935775452095,0.6341658027826508,-0.17978761894475315,-0.0005880671317244346,-0.09247222523744125
2,5,none,0.4869361804997093,0.3933444246166885,-0.317304341670418,-0.20067244159298347,0.09359175588302082
2,5,gsr,0.6105907343004453,0.5683876474718513,-0.08744605882986689,0.0026506063461164686,0.04220308682859397
2,7,none,0.7514326401146556,0.7077745169994154,-0.06324017964355555,-0.0022787890729354388,0.0436581231152402
2,7,gsr,0.8312788685166439,0.8143336856453095,-0.08559266366902807,-0.018637567292378865,0.016945182871334397
2,8,none,0.5967575711664115,0.585827555748026,0.2677856405510881,0.050743444575132024,0.010930015418385453
2,8,gsr,0.6311095316512763,0.6960599961684281,-0.16112589611378625,-0.026891350475256592,-0.0649504645171518
2,9,none,0.7760301684078621,0.5405154103760821,0.03301343985328398,-0.029959387710398966,0.23551475803178
2,9,gsr,0.7180451309946756,0.5479388895229589,0.012989918091410813,-0.04565522538263633,0.1701062414717167
2,10,none,0.8226565700921864,0.7520008444232791,0.08841467997364105,0.015304848654913217,0.07065572566890732
2,10,gsr,0.7922769841218334,0.7530553414957463,-0.0052516164576768,-0.01352380393041086,0.03922164262608718
2,11,none,0.6910973469446775,0.7252064531378427,0.19351480984992864,0.07166502969664945,-0.034109106193165206
2,11,gsr,0.6810491759090027,0.712286476670602,-0.19159503314946502,-0.1315373681906271,-0.03123730076159925
2,12,none,0.8111553261631457,0.6806718203715081,0.01753071173701315,-0.0680131382129261,0.1304835057916376
2,12,gsr,0.7610380198836938,0.6986517446931861,0.04477343485098406,0.026157446069707824,0.062386275190507656
2,13,none,0.6373010027367944,0.6521403218382604,-0.09032743396192999,-0.09569406596673247,-0.014839319101466075
2,13,gsr,0.7404092039588666,0.7119168878928658,0.03049751672722767,-0.03345238831597519,0.028492316066000778
2,14,none,0.5937702159012932,0.5651818960279932,0.08909459118710694,0.023133634301722994,0.028588319873300017
2,14,gsr,0.6141333560528306,0.5804758119921939,0.0016188507911438776,-0.01494667705631969,0.0336575440606367
2,15,none,0.6246149762254688,0.5786246984358872,-0.045719843928843096,-0.03367311137211915,0.045990277789581646
2,15,gsr,0.689004322286675,0.5962138583740672,-0.028782771250337236,-0.03862097939875053,0.09279046391260781
2,16,none,0.5531451286422079,0.7069429818457474,-0.3650695352020985,-0.17914993341765806,-0.15379785320353956
2,16,gsr,0.5504714267356465,0.65522875780554,-0.0004456350653361252,-0.04600686910719709,-0.10475733106989349
2,17,none,0.6414300086945353,0.5085066637318235,0.187903809346066,0.0843792931390912,0.13292334496271174
2,17,gsr,0.7129553691990209,0.6196258862218935,0.07636724121867866,-0.0025452462564978795,0.0933294829771274
2,18,none,0.4149995736380146,0.6209491407311877,0.0030212176881685426,0.24785865066755086,-0.20594956709317308
2,18,gsr,0.6482077314466015,0.7580493280878645,-0.13865028530792767,-0.04457470581389966,-0.10984159664126303
2,19,none,0.5934302950974012,0.5748394389142135,-0.0016972483154980011,-0.008877768958336585,0.018590856183187676
2,19,gsr,0.6385020161681263,0.6184026919562391,-0.097727599650971,-0.027750849847671066,0.020099324211887204
2,20,none,0.5580209088588636,0.5923211982993712,-0.3567462885045618,-0.12371503403557726,-0.03430028944050767
2,20,gsr,0.6050527002425846,0.5937450804748503,-0.06350903727177082,-0.011351939229770291,0.011307619767734312
2,22,none,0.489421412516584,0.5160155278612732,0.2533352504757438,0.1203007843472994,-0.02659411534468925
2,22,gsr,0.6002525088199209,0.6160789089028738,0.017673433283782236,-0.05898725375701008,-0.015826400082952885
2,23,none,0.7233921258277481,0.5635026834126102,0.07740644807594754,-0.012478714059321883,0.15988944241513792
2,23,gsr,0.7500791144222416,0.5873732106323816,0.22266129912632193,0.029435467974465945,0.16270590378986005
2,24,none,0.6742185901781323,0.6061419749571325,0.3003522327482151,0.08545260724874426,0.06807661522099984
2,24,gsr,0.6981865567387049,0.6031991013584829,0.013305645503917995,0.015020412671520766,0.09498745538022202
2,25,none,0.8225634885177294,0.8052694380568938,-0.0733685161798352,-0.04715905089896277,0.017294050460835653
2,25,gsr,0.8142503083841024,0.7990877813246519,-0.03166228568855178,0.0009862445501005457,0.015162527059450537
2,26,none,0.39146178390599623,0.38935598219059747,0.04245976427673637,-0.013965045433446788,0.0021058017153987585
2,26,gsr,0.4009335842708256,0.37658672769218005,-0.019104791562797985,-0.004753044824792663,0.024346856578645548
2,27,none,0.5761673973562115,0.5696555593347078,-0.21325457517864943,-0.19889130647482922,0.00651183802150368
2,27,gsr,0.5876133074771752,0.6484762208515135,-0.2736624833796548,-0.1638684917135329,-0.060862913374338246
2,29,none,0.6024741362397168,0.49342863063879006,0.3303280515179807,0.19874560005944586,0.10904550560092674
2,29,gsr,0.6280414904938354,0.5661776365505694,0.07422944109295249,0.05497196029880613,0.06186385394326599
2,31,none,0.6692432191094937,0.5553290957788681,0.47956518318229424,0.14087492826543957,0.11391412333062556
2,31,gsr,0.729726637540418,0.7496895954754553,-0.13050735817762749,-0.05746634481773372,-0.01996295793503733
2,32,none,0.6266734585978387,0.7215547302025384,-0.2905421277762841,0.10409478270935124,-0.09488127160469961
2,32,gsr,0.6368295105631252,0.6682956670623073,0.06560220739023803,0.0017078254889328903,-0.03146615649918205
2,33,none,0.3099739921382684,0.3185035655891515,-0.1386212092581668,-0.015636435639814428,-0.008529573450883121
2,33,gsr,0.29733316353239325,0.3415395401044962,-0.15404443531258427,-0.04153196736494258,-0.04420637657210297
2,36,none,0.7056830148641596,0.6784388363074078,-0.010151716763140861,0.003201738623550332,0.027244178556751875
2,36,gsr,0.7281297802321154,0.7268711003944949,0.06975038292380198,-0.010120858519768072,0.0012586798376205133
2,37,none,0.8028698331022704,0.6363918567441006,0.5745205791228145,0.36856022452616943,0.16647797635816985
2,37,gsr,0.8258841992493526,0.7366920156572198,0.09352012501625662,0.01711619503272588,0.08919218359213288
2,38,none,0.6777012953656602,0.7363492560197056,0.111729379917749,0.182767971173579,-0.05864796065404543
2,38,gsr,0.7077843927354085,0.681927586339238,-0.0692623180194768,-0.047209996268914534,0.025856806396170495
2,39,none,0.5866812369747911,0.6182326677335825,-0.28738213618489183,-0.07120798250058291,-0.03155143075879141
2,39,gsr,0.6495087903576685,0.6835717369466752,-0.11847025523287524,-0.03370892731722619,-0.03406294658900666
2,40,none,0.7056309764921356,0.6445793239140398,0.133726254367742,0.03210461760086325,0.06105165257809575
2,40,gsr,0.7245382967520209,0.6668016336439898,0.050582434609308,0.004198942435591713,0.05773666310803105
2,41,none,0.6272118623028833,0.5113113686247401,0.24556832890513292,0.17226489755830676,0.11590049367814315
2,41,gsr,0.6207434515775119,0.5550168531839713,0.07514393853699808,0.01634712474109712,0.06572659839354056
2,42,none,0.7333883211649547,0.6061690234989946,0.10184624653543595,0.004488731116638167,0.12721929766596007
2,42,gsr,0.6919863949470015,0.5769146231496175,0.06874944679115547,-0.012124588282896642,0.11507177179738404
2,43,none,0.6352221129224613,0.6328171977554736,0.021683522151738632,0.04218022295674695,0.002404915166987709
2,43,gsr,0.6546247792611953,0.6654945302927248,-0.0046024303712979275,0.034497013403455234,-0.010869751031529429
2,44,none,0.6407584265100407,0.7436672408961612,-0.06741849012896428,-0.07110990392008154,-0.10290881438612054
2,44,gsr,0.6896724463670738,0.7639771050728144,-0.0001681154537791496,0.06678421214312036,-0.07430465870574054
2,46,none,0.5373596771438668,0.5410061797764193,0.01910708211966372,0.06466638586243101,-0.0036465026325525063
2,46,gsr,0.5840369268316707,0.5665487712680622,-0.07554246403188858,0.021169418430741826,0.0174881555636085
2,47,none,0.6780535701706489,0.691457169580705,-0.0696730961446339,-0.038238602868287286,-0.013403599410056088
2,47,gsr,0.6817884372982312,0.7086214689721407,-0.06893623023899753,-0.032635958772047724,-0.02683303167390949
2,48,none,0.7254141047969593,0.6454645386443626,-0.03119282331883433,-0.04249138452417611,0.07994956615259674
2,48,gsr,0.7355326241901181,0.6862662548610639,-0.01728758881062875,0.004870992003361607,0.04926636932905426
2,49,none,0.5671194615440494,0.7330210509655845,-0.24808494288808292,-0.08038521358125572,-0.1659015894215351
2,49,gsr,0.6564909664026775,0.7060662847575188,-0.14383923483325867,-0.018544727658676097,-0.0495753183548413
2,50,none,0.6996366410876408,0.6061917616027072,0.026514846730469666,0.0027102597396051475,0.09344487948493363
2,50,gsr,0.7876134999796677,0.7358564018728071,0.002257738840297563,-0.007571135850793498,0.05175709810686058
2,52,none,0.7007275672994454,0.6977493526198618,-0.04649931816016828,0.017533037900327564,0.0029782146795835907
2,52,gsr,0.7523735509349778,0.6908333957661343,-0.045062139886031694,-0.015249652883255638,0.06154015516884348
2,53,none,0.5707875208414672,0.5618901602792962,0.5730816806149934,0.49779706345076513,0.008897360562171053
2,53,gsr,0.7206665634348821,0.687289150647171,0.28863118784619535,0.31944309101663726,0.033377412787711114
2,55,none,0.6269241946513354,0.7028912183614469,-0.027733997528115006,0.055914858442945414,-0.07596702371011144
2,55,gsr,0.6690839192245912,0.6219398748600472,-0.0180490973185361,0.005299085915885127,0.047144044364544
