model,term,beta,z,p
cond + order,cond,-0.021215877446644466,-3.015490839326682,0.0025656368891818046
cond + order,ord_c,0.013218899000807163,4.275256594798528,1.909172818265994e-05
cond + order + FD,cond,-0.018573631168734443,-2.650182180816436,0.00804483776855877
cond + order + FD,ord_c,0.010277235032361278,3.3361148778558127,0.0008495804946703078
cond + order + FD,fd_c,0.37744178162610165,7.0917237869525245,1.324516756804983e-12
cond*sex + order + FD,cond,-0.021146658473069155,-2.1766939236733,0.029503411973076706
cond*sex + order + FD,fem,-0.03361016347860557,-1.7413631434954495,0.0816199443843007
cond*sex + order + FD,cond:fem,0.005355768136019793,0.3813796931471068,0.702921526976044
cond*sex + order + FD,ord_c,0.010296011430127155,3.3420325299300635,0.0008316731329696175
cond*sex + order + FD,fd_c,0.37503260195728405,7.058018990461407,1.6889298272773303e-12
FD check,mean FD infection - neutral (paired t),-0.006760443906269981,-2.5074872459708213,0.016015591798136185
FD check,"r(delta FD, delta EM)",-0.3424371233357093,,0.022884610138396606
FD check,"r(mean FD S1, delta EM)",0.2101420302874771,,0.17095559797260787
FD check,H1 excluding top-quartile FD (n=33),-0.42884123287269266,,0.0162
