ses,parc,gsr,lag,em,d,p,p_perm,n_down,d_F,d_M,p_sex,r_HI,p_HI,rho_HI,p_rhoHI
1,schaefer200,gsr,0,concat,-0.5889138455548036,0.0003263622002574879,0.0,31,-0.6976554197171125,-0.5655591777706871,0.46447961896070733,0.1756495238211232,0.2540868082830677,-0.012150359996393306,0.9376061588012244
1,schaefer200,gsr,0,edgewise,-0.5963219400233511,0.0002808808674645741,0.0001,32,-0.39689173297892794,-0.781062735136605,0.0227345440018455,-0.14619338688283437,0.3436791307922852,-0.1545638818145846,0.3164490219291253
1,schaefer200,gsr,2,concat,-0.4441033150670007,0.005181931406834832,0.0026,25,-0.5021687370020783,-0.4323443868099785,0.5657829649385462,-0.027016186808986195,0.8618043536628858,-0.14947768460679206,0.3328278026809459
1,schaefer200,gsr,2,edgewise,-0.3018768556810748,0.05157088365436299,0.0464,30,-0.04175611159002255,-0.6007215674751984,0.10351699247389319,-0.3273705675101731,0.03006891814217156,-0.17264813855340258,0.2624198131666729
1,schaefer200,none,0,concat,-0.3170925169907014,0.0413228028384607,0.0379,27,-0.6236448693171303,0.015013365932278361,0.020453432871849093,0.3494014085370312,0.02008543665499657,0.29923793572512813,0.04846690683841284
1,schaefer200,none,0,edgewise,-0.3972319363457376,0.011653853342804145,0.0098,31,-0.6616583447630106,-0.11625304989392941,0.033264937696332264,0.3354401161994905,0.026018607737198836,0.2658244457350466,0.08115049809372762
1,schaefer200,none,2,concat,-0.0675724274749316,0.6562413999315677,0.6589,23,-0.3422166905516293,0.21554644569639803,0.06729210748889149,-0.20257704226256268,0.18724215340364014,-0.16028585367335121,0.2986435424120865
1,schaefer200,none,2,edgewise,-0.08362501026607645,0.581970084634038,0.5878,29,-0.24304806626951447,0.11456409950494542,0.2192736620495625,-0.24350491996076523,0.11120308292562561,-0.1727894218091746,0.2620235246635563
1,schaefer400,gsr,0,concat,-0.5906906185313622,0.00031484392974170917,0.0,31,-0.6761304904360722,-0.5729708591409073,0.46269302366217857,0.17415846331564683,0.25820411066662163,0.019991580691740146,0.8975124882324161
1,schaefer400,gsr,0,edgewise,-0.5649548538617412,0.0005276371776103849,0.0005,33,-0.3022893515190317,-0.7840519511391675,0.02258680039272495,-0.2009377454615973,0.19091221069876546,-0.1710940227399104,0.2668053148817436
1,schaefer400,gsr,2,concat,-0.4453962577599415,0.005063999316646231,0.0032,23,-0.4916652166077519,-0.4324895611284191,0.6114848758327923,-0.024788023333763006,0.8731047565286345,-0.11846600996483474,0.4437386345653388
1,schaefer400,gsr,2,edgewise,-0.297332866014693,0.05503053673595415,0.0502,30,-0.04163035115019261,-0.6024595148443258,0.11089898291663747,-0.3470924933852198,0.02097968232204,-0.19560666761635503,0.2031994773921195
1,schaefer400,none,0,concat,-0.31092829426366214,0.045237473776234514,0.0422,27,-0.61489395529062,0.003724491321176862,0.02745026627389203,0.3581193825658642,0.016992423503156585,0.3001562768876463,0.04774820754531675
1,schaefer400,none,0,edgewise,-0.417190067161647,0.00830125466004305,0.0072,32,-0.6872876211353872,-0.15303287523635395,0.047332901007845006,0.3272840811707828,0.030115003592350493,0.25296766945979315,0.09756781495855317
1,schaefer400,none,2,concat,-0.05977784813420769,0.6936814706928555,0.6979,24,-0.34142260140774516,0.20838725247939366,0.07356585718509089,-0.18227600675295605,0.23632323867891475,-0.1275081383342437,0.40947443854020027
1,schaefer400,none,2,edgewise,-0.09609915164997454,0.5272118008386539,0.5353,30,-0.2375503498496213,0.06696146503402785,0.28808894691872605,-0.25331342582510463,0.09709518256314607,-0.21376156598305898,0.1635356110154462
2,schaefer200,gsr,0,concat,-0.32686648278468344,0.03572350577567192,0.0349,26,-0.4303738231407983,-0.28629962959091215,0.8621655771053909,-0.14356512216348205,0.3525178756084532,-0.12249258275433715,0.4282893546281895
2,schaefer200,gsr,0,edgewise,-0.11407574139235824,0.45336011158042544,0.5133,31,-0.5844667235960131,-0.03149177238312812,0.6262903474742609,-0.026971658747837808,0.8620299240984108,-0.13096957810065807,0.3967707275701259
2,schaefer200,gsr,2,concat,-0.28832584874527045,0.06248312380594637,0.0623,26,-0.3194918077251612,-0.2834659318138065,0.6872246697395985,-0.15734631137745994,0.30770856656203716,-0.17088209785625236,0.2674070798061384
2,schaefer200,gsr,2,edgewise,-0.1869030931604612,0.22178214930903617,0.2345,30,-0.22369100258539484,-0.1941937859831701,0.6467182857253291,-0.01599299346159743,0.9179328171363197,-0.08872588462482554,0.5668279944604415
2,schaefer200,none,0,concat,0.23336211943513013,0.12896374820383416,0.1294,20,0.3973350511162734,0.10823058840197336,0.4274469737368878,-0.06801625756225353,0.6608868572257349,-0.028115367898631023,0.8562396045504861
2,schaefer200,none,0,edgewise,0.2313239492421172,0.13224977346640826,0.1331,20,0.36043432381271023,0.14648296374065897,0.6644446924568558,-0.14210721929654943,0.3574799629039402,-0.09741480485480447,0.5293010545520619
2,schaefer200,none,2,concat,-0.04214849816154299,0.7811390630669891,0.7782,26,0.224089392278014,-0.38752146467478293,0.061156323907905236,0.005251830936946741,0.97300951120557,0.1383869490286889,0.37033296217313005
2,schaefer200,none,2,edgewise,-0.02726406668239399,0.8573355348162364,0.8649,27,0.27401694579972563,-0.3278011243409593,0.05326036493948226,-0.05313845661746926,0.7319178386944935,0.13711539972674072,0.3747886097432632
2,schaefer400,gsr,0,concat,-0.3183242456798281,0.040577175468207514,0.04,27,-0.41325138846881043,-0.2810915785629694,0.8540067854501783,-0.1290163767230405,0.4039106906459233,-0.11966691763889686,0.4390991525794937
2,schaefer400,gsr,0,edgewise,-0.12660440059862693,0.40566647418431767,0.4492,28,-0.5610860579735958,-0.03934291599867637,0.6154226996209957,-0.027519755293977995,0.859254134524362,-0.07763514904672235,0.6164378283678953
2,schaefer400,gsr,2,concat,-0.28304088178896414,0.06724618915435852,0.0672,26,-0.3196303963560577,-0.2750878490422767,0.711442391776054,-0.1476458303932597,0.33885368312661696,-0.15682441390693688,0.3093361563374553
2,schaefer400,gsr,2,edgewise,-0.20410365453466348,0.18285109878006953,0.1886,29,-0.2044967433743309,-0.22253724117922918,0.5731427951585424,-0.017741959745186546,0.9089938462740819,-0.057149076959780144,0.7125211098141433
2,schaefer400,none,0,concat,0.22930016950148782,0.13557869189587,0.1358,18,0.39118397050919407,0.10633195015411656,0.436552293384297,-0.04657117808802166,0.7640338270217123,-0.01857874813402,0.9047208752890945
2,schaefer400,none,0,edgewise,0.21800118340865274,0.15541138455677217,0.1567,20,0.3456237870942107,0.14037789916256224,0.7118913406918486,-0.12702371309856286,0.41127071344257715,-0.0735379346293339,0.6352176466847725
2,schaefer400,none,2,concat,-0.04333691082024013,0.7751375167129944,0.7741,25,0.22778613590627772,-0.3818966599689512,0.05961973342081201,0.0038206673332922547,0.9803629237212605,0.14107133088835716,0.361031308709705
2,schaefer400,none,2,edgewise,-0.03660136791644944,0.8093255670165875,0.8185,27,0.28575546477339936,-0.3306514719060189,0.047412222159277935,-0.06421371406245302,0.6787926843456462,0.1322411274026062,0.3921622731823159
