analysis,r,p,ci_low,ci_high,r_max,n
"HI mean(pre,post) vs Delta EM (concat lag0)",0.3581193825658642,0.016992423503156585,,,,
HI_pre vs Delta EM,0.35025812956006613,0.019761885061758914,,,,
HI_post vs Delta EM,0.3467698960843126,0.021107246275327323,,,,
HI mean: Spearman,0.3001562768876463,0.04774820754531675,,,,
HI mean: bootstrap 95% CI,,,-0.05449140844453217,0.6508333205207553,,
HI mean: leave-one-out,0.18739196845675185,0.2288616137106169,,,0.42001737734354067,
"HI mean: partial, controlling mean FD",0.34182470622912725,0.023145655263950602,,,,
"HI mean: partial, controlling sex",0.3660756494445394,0.014530986820430709,,,,
"HI mean, F only",0.41339870003509627,0.06249663413521984,,,,21.0
"HI mean, M only",0.2949389073750999,0.17187089977221875,,,,23.0
"HI mean vs Delta EM: concat, lag 0",0.3581193825658642,0.016992423503156585,,,,
"HI mean vs Delta EM: within, lag 0",0.015253495170663343,0.9217154682449321,,,,
"HI mean vs Delta EM: between, lag 0",0.3729271406979598,0.01266076035761814,,,,
"HI mean vs Delta EM: edgewise, lag 0",0.3272840811707828,0.030115003592350493,,,,
"HI mean vs Delta EM: concat, lag 2",-0.18227600675295605,0.23632323867891475,,,,
"HI mean vs Delta EM: within, lag 2",-0.4042556237152994,0.006497176227792668,,,,
"HI mean vs Delta EM: between, lag 2",0.08276751542708954,0.5932514593905045,,,,
"HI mean vs Delta EM: edgewise, lag 2",-0.25331342582510463,0.09709518256314607,,,,
HI mean vs Delta EM session 2,-0.04657117808802166,0.7640338270217123,,,,
