parc,,,schaefer200,schaefer200,schaefer200,schaefer200,schaefer400,schaefer400,schaefer400,schaefer400
gsr,,,gsr,gsr,none,none,gsr,gsr,none,none
em,,,concat,edgewise,concat,edgewise,concat,edgewise,concat,edgewise
parc,gsr,em,,,,,,,,
schaefer200,gsr,concat,1.0,0.5056397141759794,0.21610975420615328,0.21515662293915438,0.9976721179546011,0.3865105047102456,0.2223989336481839,0.22259003373247674
schaefer200,gsr,edgewise,0.5056397141759794,1.0,-0.17782405799848588,-0.13684010045158485,0.5181096951500388,0.9865261853227325,-0.1686615331314418,-0.09262569308388606
schaefer200,none,concat,0.21610975420615328,-0.17782405799848588,1.0,0.9635973753130866,0.23380334259672783,-0.22225023570383096,0.9976922990582298,0.9518832685232201
schaefer200,none,edgewise,0.21515662293915438,-0.13684010045158485,0.9635973753130866,1.0,0.23603107028567727,-0.17664159034547197,0.9590069445267075,0.9956561120242284
schaefer400,gsr,concat,0.9976721179546011,0.5181096951500388,0.23380334259672783,0.23603107028567727,1.0,0.40285636174661976,0.240508742140279,0.24512443603427062
schaefer400,gsr,edgewise,0.3865105047102456,0.9865261853227325,-0.22225023570383096,-0.17664159034547197,0.40285636174661976,1.0,-0.21294412006098448,-0.12744497319552642
schaefer400,none,concat,0.2223989336481839,-0.1686615331314418,0.9976922990582298,0.9590069445267075,0.240508742140279,-0.21294412006098448,1.0,0.9512584359117744
schaefer400,none,edgewise,0.22259003373247674,-0.09262569308388606,0.9518832685232201,0.9956561120242284,0.24512443603427062,-0.12744497319552642,0.9512584359117744,1.0
