gsr,lag,network,em_inf,em_neu,mean_delta,d,t,p,q,n_down
none,0,Visual,0.7149180164913674,0.7096244097734523,0.00529360671791529,0.035843928363949215,0.23776172279119412,0.8131952021849251,0.9096285899786175,23
none,0,Somatomotor,0.8890076750258412,0.8480774171520306,0.04093025787381067,0.2013705881971209,1.335741369726039,0.18866106082295653,0.33015685644017395,20
none,0,DorsalAttention,0.8338609715572325,0.8308092859896647,0.003051685567567658,0.017212898601444787,0.11417745243085105,0.9096285899786175,0.9096285899786175,27
none,0,VentralAttention,0.9268698805646067,0.8629361869685863,0.0639336935960204,0.24524571295600148,1.626776022636517,0.11109176931792505,0.27832092917121887,21
none,0,Limbic,0.5146517393561372,0.5072544711236877,0.00739726823244945,0.05604233244502933,0.37174277819304624,0.711910013529589,0.9096285899786175,22
none,0,Control,0.7025694432990603,0.6612419596513897,0.041327483647670867,0.23962190825705718,1.5894719224752458,0.11928039821623665,0.27832092917121887,18
none,0,DefaultMode,0.6792915375422736,0.6266923336184612,0.05259920392381245,0.25912056774015524,1.7188113973159291,0.09284149130505265,0.27832092917121887,16
none,2,Visual,0.6789365703507966,0.7197921310941452,-0.04085556074334866,-0.1621163438308709,-1.0753581697424917,0.2882114086627715,0.9043768819961455,27
none,2,Somatomotor,0.8329453604475947,0.8661357831797836,-0.03319042273218895,-0.11682725608823895,-0.7749443474629039,0.4426133387441007,0.9043768819961455,24
none,2,DorsalAttention,0.8043391830439155,0.8395221476496206,-0.03518296460570502,-0.13756473593264223,-0.9125012269457907,0.3665927885624608,0.9043768819961455,25
none,2,VentralAttention,0.8748140842656548,0.8734100741049875,0.001404010160667281,0.0040841422233598434,0.02709113469066486,0.9785123876483608,0.9785123876483608,21
none,2,Limbic,0.513963676725902,0.5067186656255659,0.0072450111003361985,0.050478682656461556,0.3348377005658074,0.7393754497941936,0.9718426392455313,20
none,2,Control,0.6594800275397508,0.6676883068889058,-0.008208279349155004,-0.03197979741868842,-0.21212997781873105,0.8330079764961696,0.9718426392455313,25
none,2,DefaultMode,0.6470574962935948,0.6196111896569425,0.02744630663665221,0.09854875565396612,0.6536984921212419,0.5167867897120831,0.9043768819961455,22
gsr,0,Visual,0.33448378140713797,0.37052771755610314,-0.036043936148965186,-0.37268321144851757,-2.4721007560788335,0.017466378427787723,0.061132324497257036,28
gsr,0,Somatomotor,0.4838702571313888,0.5123298096762468,-0.02845955254485796,-0.2441999642263007,-1.6198393103137019,0.11257870594077828,0.14657569305090248,30
gsr,0,DorsalAttention,0.43560975876807356,0.4976956582219448,-0.062085899453871336,-0.3771138623514167,-2.501490369322766,0.01625347022953226,0.061132324497257036,27
gsr,0,VentralAttention,0.4368660261631472,0.4650938082705057,-0.02822778210735848,-0.26727025873686755,-1.7728703317027938,0.08333405624219427,0.14657569305090248,26
gsr,0,Limbic,0.40544466927542094,0.41900751081830534,-0.013562841542884401,-0.1029201175680308,-0.6826948267048466,0.498461378893019,0.498461378893019,25
gsr,0,Control,0.2803255173875491,0.3005701717494188,-0.020244654361869684,-0.23546898908778385,-1.5619245731369384,0.12563630832934497,0.14657569305090248,24
gsr,0,DefaultMode,0.24854515244804026,0.26639010557084225,-0.017844953122801908,-0.2649452712884647,-1.7574481096855166,0.08595939405868595,0.14657569305090248,26
gsr,2,Visual,0.32194539065759076,0.36873598779317046,-0.04679059713557971,-0.38500564986913366,-2.55383856556572,0.01428123077118881,0.09996861539832168,28
gsr,2,Somatomotor,0.47785564995979934,0.5096742123616113,-0.031818562401811745,-0.23665484746117713,-1.5697906676950317,0.12379411563050731,0.20683384939128557,25
gsr,2,DorsalAttention,0.4453469901021505,0.48773279720952106,-0.042385807107370596,-0.3106123828577461,-2.060369458354727,0.045446541208528674,0.11665392888116256,28
gsr,2,VentralAttention,0.4405700860475733,0.4598008319345729,-0.019230745886999488,-0.1717350896661889,-1.1391617115215789,0.2609422070070974,0.3044325748416137,26
gsr,2,Limbic,0.40914575673954945,0.41464598057648544,-0.005500223836936022,-0.04060220809572351,-0.2693245798268906,0.7889681045406833,0.7889681045406833,23
gsr,2,Control,0.2754146826490954,0.2991521790081122,-0.023737496359016827,-0.3040353646971264,-2.016742455398469,0.04999454094906967,0.11665392888116256,26
gsr,2,DefaultMode,0.248605756472622,0.26225639158410924,-0.013650635111487279,-0.22222905079186792,-1.4741007579869163,0.14773846385091827,0.20683384939128557,27
