section,item,old,corrected
"Primary S1 (concat, lag 0, no GSR)",mean_delta,-0.045,-0.059
"Primary S1 (concat, lag 0, no GSR)",d,-0.302,-0.311
"Primary S1 (concat, lag 0, no GSR)",p_perm,0.047,0.042
"Primary S1 (concat, lag 0, no GSR)",n_down,27.000,27.000
Secondary: cond x sex (S1),beta,-0.099,-0.124
Secondary: cond x sex (S1),p,0.017,0.019
Secondary: cond x sex (S1),p_holm,0.035,0.039
Secondary: cond x sex (S1),BF01_bic,0.659,0.713
Secondary: cond x session,beta,0.076,0.099
Secondary: cond x session,p,0.113,0.071
Secondary: cond x session,p_holm,0.113,0.071
Secondary: cond x session,BF01_bic,3.824,2.659
Secondary: H1 S1 F only (descriptive),beta,-0.096,-0.124
Secondary: H1 S1 F only (descriptive),p,0.007,0.006
Secondary: H1 S1 F only (descriptive),d,-0.572,-0.615
Secondary: H1 S1 M only (descriptive),beta,0.003,0.001
Secondary: H1 S1 M only (descriptive),p,0.910,0.986
Secondary: H1 S1 M only (descriptive),d,0.023,0.004
Secondary: H1 S2 (descriptive),beta,0.032,0.040
Secondary: H1 S2 (descriptive),p,0.255,0.136
Secondary: H1 S2 (descriptive),d,0.175,0.229
Decomposition lag 0 concat,d_all,-0.302,-0.311
Decomposition lag 0 concat,p_perm_all,0.045,0.042
Decomposition lag 0 concat,d_F,-0.572,-0.615
Decomposition lag 0 concat,d_M,0.023,0.004
Decomposition lag 0 concat,p_sexdiff,0.025,0.027
Decomposition lag 0 within,d_all,-0.214,-0.405
Decomposition lag 0 within,p_perm_all,0.166,0.007
Decomposition lag 0 within,d_F,0.058,-0.210
Decomposition lag 0 within,d_M,-0.488,-0.576
Decomposition lag 0 within,p_sexdiff,0.083,0.198
Decomposition lag 0 between,d_all,-0.185,-0.190
Decomposition lag 0 between,p_perm_all,0.225,0.221
Decomposition lag 0 between,d_F,-0.637,-0.721
Decomposition lag 0 between,d_M,0.189,0.155
Decomposition lag 0 between,p_sexdiff,0.010,0.012
Decomposition lag 0 edgewise,d_all,-0.504,-0.417
Decomposition lag 0 edgewise,p_perm_all,0.001,0.007
Decomposition lag 0 edgewise,d_F,-0.753,-0.687
Decomposition lag 0 edgewise,d_M,-0.246,-0.153
Decomposition lag 0 edgewise,p_sexdiff,0.025,0.047
Decomposition lag 2 concat,d_all,-0.013,-0.060
Decomposition lag 2 concat,p_perm_all,0.936,0.698
Decomposition lag 2 concat,d_F,-0.162,-0.341
Decomposition lag 2 concat,d_M,0.134,0.208
Decomposition lag 2 concat,p_sexdiff,0.331,0.074
Decomposition lag 2 within,d_all,0.023,-0.180
Decomposition lag 2 within,p_perm_all,0.882,0.246
Decomposition lag 2 within,d_F,0.257,0.014
Decomposition lag 2 within,d_M,-0.225,-0.393
Decomposition lag 2 within,p_sexdiff,0.116,0.220
Decomposition lag 2 between,d_all,-0.025,-0.050
Decomposition lag 2 between,p_perm_all,0.871,0.750
Decomposition lag 2 between,d_F,-0.429,-0.618
Decomposition lag 2 between,d_M,0.279,0.312
Decomposition lag 2 between,p_sexdiff,0.028,0.007
Decomposition lag 2 edgewise,d_all,-0.092,-0.096
Decomposition lag 2 edgewise,p_perm_all,0.556,0.535
Decomposition lag 2 edgewise,d_F,-0.144,-0.238
Decomposition lag 2 edgewise,d_M,-0.029,0.067
Decomposition lag 2 edgewise,p_sexdiff,0.646,0.288
Component correlations,within vs between,-0.138,-0.193
Component correlations,within vs concat,0.181,0.163
Component correlations,between vs concat,0.912,0.917
Block LMM: cond + order,cond beta,-0.019,-0.021
Block LMM: cond + order,cond p,0.019,0.003
Block LMM: cond + order,ord_c beta,-0.003,0.013
Block LMM: cond + order,ord_c p,0.467,0.000
Block LMM: cond + order + FD,cond beta,-0.018,-0.019
Block LMM: cond + order + FD,cond p,0.027,0.008
Block LMM: cond + order + FD,ord_c beta,-0.004,0.010
Block LMM: cond + order + FD,ord_c p,0.295,0.001
Block LMM: cond + order + FD,fd_c beta,0.152,0.377
Block LMM: cond + order + FD,fd_c p,0.016,0.000
Block LMM: cond*sex + order + FD,cond beta,-0.027,-0.021
Block LMM: cond*sex + order + FD,cond p,0.017,0.030
Block LMM: cond*sex + order + FD,fem beta,-0.019,-0.034
Block LMM: cond*sex + order + FD,fem p,0.453,0.082
Block LMM: cond*sex + order + FD,cond:fem beta,0.019,0.005
Block LMM: cond*sex + order + FD,cond:fem p,0.255,0.703
Block LMM: cond*sex + order + FD,ord_c beta,-0.004,0.010
Block LMM: cond*sex + order + FD,ord_c p,0.298,0.001
Block LMM: cond*sex + order + FD,fd_c beta,0.148,0.375
Block LMM: cond*sex + order + FD,fd_c p,0.019,0.000
Block LMM: FD check,mean FD infection - neutral (paired t) beta,-0.007,-0.007
Block LMM: FD check,mean FD infection - neutral (paired t) p,0.016,0.016
Block LMM: FD check,"r(delta FD, delta EM) beta",-0.317,-0.342
Block LMM: FD check,"r(delta FD, delta EM) p",0.036,0.023
Block LMM: FD check,"r(mean FD S1, delta EM) beta",0.208,0.210
Block LMM: FD check,"r(mean FD S1, delta EM) p",0.176,0.171
Block LMM: FD check,H1 excluding top-quartile FD (n=33) beta,-0.427,-0.429
Block LMM: FD check,H1 excluding top-quartile FD (n=33) p,0.013,0.017
Trait family,IND_pre r,0.339,0.192
Trait family,IND_pre p_fwer,0.152,0.745
Trait family,IND_post r,0.325,0.145
Trait family,IND_post p_fwer,0.190,0.905
Trait family,HI_pre r,0.411,0.350
Trait family,HI_pre p_fwer,0.040,0.131
Trait family,HI_post r,0.451,0.347
Trait family,HI_post p_fwer,0.017,0.138
Trait family,VI_pre r,0.054,-0.093
Trait family,VI_pre p_fwer,1.000,0.988
Trait family,VI_post r,0.025,-0.121
Trait family,VI_post p_fwer,1.000,0.958
Trait family,COL_pre r,-0.023,-0.063
Trait family,COL_pre p_fwer,1.000,0.999
Trait family,COL_post r,-0.043,-0.088
Trait family,COL_post p_fwer,1.000,0.991
Trait family,HC_pre r,-0.092,-0.082
Trait family,HC_pre p_fwer,0.989,0.994
Trait family,HC_post r,-0.165,-0.172
Trait family,HC_post p_fwer,0.846,0.821
Trait family,VC_pre r,0.049,-0.016
Trait family,VC_pre p_fwer,1.000,1.000
Trait family,VC_post r,0.082,0.019
Trait family,VC_post p_fwer,0.994,1.000
HI robustness,"HI mean(pre,post) vs Delta EM (concat lag0) r",0.442,0.358
HI robustness,"HI mean(pre,post) vs Delta EM (concat lag0) p",0.003,0.017
HI robustness,HI_pre vs Delta EM r,0.411,0.350
HI robustness,HI_pre vs Delta EM p,0.006,0.020
HI robustness,HI_post vs Delta EM r,0.451,0.347
HI robustness,HI_post vs Delta EM p,0.002,0.021
HI robustness,HI mean: Spearman r,0.307,0.300
HI robustness,HI mean: Spearman p,0.043,0.048
HI robustness,HI mean: bootstrap 95% CI r,,
HI robustness,HI mean: bootstrap 95% CI p,,
HI robustness,CI,"[0.02, 0.72]","[-0.04, 0.66]"
HI robustness,HI mean: leave-one-out r,0.251,0.187
HI robustness,HI mean: leave-one-out p,0.104,0.229
HI robustness,"HI mean: partial, controlling mean FD r",0.429,0.342
HI robustness,"HI mean: partial, controlling mean FD p",0.004,0.023
HI robustness,"HI mean: partial, controlling sex r",0.456,0.366
HI robustness,"HI mean: partial, controlling sex p",0.002,0.015
HI robustness,"HI mean, F only r",0.520,0.413
HI robustness,"HI mean, F only p",0.016,0.062
HI robustness,"HI mean, M only r",0.345,0.295
HI robustness,"HI mean, M only p",0.107,0.172
HI robustness,"HI mean vs Delta EM: concat, lag 0 r",0.442,0.358
HI robustness,"HI mean vs Delta EM: concat, lag 0 p",0.003,0.017
HI robustness,"HI mean vs Delta EM: within, lag 0 r",0.092,0.015
HI robustness,"HI mean vs Delta EM: within, lag 0 p",0.552,0.922
HI robustness,"HI mean vs Delta EM: between, lag 0 r",0.451,0.373
HI robustness,"HI mean vs Delta EM: between, lag 0 p",0.002,0.013
HI robustness,"HI mean vs Delta EM: edgewise, lag 0 r",0.325,0.327
HI robustness,"HI mean vs Delta EM: edgewise, lag 0 p",0.031,0.030
HI robustness,"HI mean vs Delta EM: concat, lag 2 r",-0.160,-0.182
HI robustness,"HI mean vs Delta EM: concat, lag 2 p",0.301,0.236
HI robustness,"HI mean vs Delta EM: within, lag 2 r",-0.170,-0.404
HI robustness,"HI mean vs Delta EM: within, lag 2 p",0.269,0.006
HI robustness,"HI mean vs Delta EM: between, lag 2 r",0.060,0.083
HI robustness,"HI mean vs Delta EM: between, lag 2 p",0.698,0.593
HI robustness,"HI mean vs Delta EM: edgewise, lag 2 r",-0.267,-0.253
HI robustness,"HI mean vs Delta EM: edgewise, lag 2 p",0.080,0.097
HI robustness,HI mean vs Delta EM session 2 r,-0.047,-0.047
HI robustness,HI mean vs Delta EM session 2 p,0.761,0.764
Network S1 none lag0 Visual,d / q,-0.16 / 0.352,-0.36 / 0.072
Network S1 none lag0 Somatomotor,d / q,-0.39 / 0.050,-0.51 / 0.011
Network S1 none lag0 DorsalAttention,d / q,-0.39 / 0.050,-0.19 / 0.287
Network S1 none lag0 VentralAttention,d / q,-0.28 / 0.100,-0.32 / 0.096
Network S1 none lag0 Limbic,d / q,-0.06 / 0.704,-0.04 / 0.767
Network S1 none lag0 Control,d / q,-0.30 / 0.094,-0.18 / 0.287
Network S1 none lag0 DefaultMode,d / q,-0.30 / 0.094,-0.24 / 0.212
Network S1 gsr lag0 Visual,d / q,-0.34 / 0.033,-0.67 / 0.000
Network S1 gsr lag0 Somatomotor,d / q,-0.50 / 0.003,-0.35 / 0.028
Network S1 gsr lag0 DorsalAttention,d / q,-0.47 / 0.005,-0.39 / 0.019
Network S1 gsr lag0 VentralAttention,d / q,-0.55 / 0.003,-0.51 / 0.005
Network S1 gsr lag0 Limbic,d / q,-0.10 / 0.521,-0.05 / 0.741
Network S1 gsr lag0 Control,d / q,-0.51 / 0.003,-0.42 / 0.019
Network S1 gsr lag0 DefaultMode,d / q,-0.52 / 0.003,-0.39 / 0.019
Network S2 none lag0 Visual,d / q,,0.04 / 0.910
Network S2 none lag0 Somatomotor,d / q,,0.20 / 0.330
Network S2 none lag0 DorsalAttention,d / q,,0.02 / 0.910
Network S2 none lag0 VentralAttention,d / q,,0.25 / 0.278
Network S2 none lag0 Limbic,d / q,,0.06 / 0.910
Network S2 none lag0 Control,d / q,,0.24 / 0.278
Network S2 none lag0 DefaultMode,d / q,,0.26 / 0.278
Network S2 gsr lag0 Visual,d / q,,-0.37 / 0.061
Network S2 gsr lag0 Somatomotor,d / q,,-0.24 / 0.147
Network S2 gsr lag0 DorsalAttention,d / q,,-0.38 / 0.061
Network S2 gsr lag0 VentralAttention,d / q,,-0.27 / 0.147
Network S2 gsr lag0 Limbic,d / q,,-0.10 / 0.498
Network S2 gsr lag0 Control,d / q,,-0.24 / 0.147
Network S2 gsr lag0 DefaultMode,d / q,,-0.26 / 0.147
Parcels S1 none lag0,n parcels q<.05,218,0
Parcels S1 none lag0,median d,-0.360,-0.313
Parcels S1 none lag0,min d,-0.664,-0.581
Parcels S1 none lag0,"spatial r(old d, new d)",,0.185
Parcels S1 none lag2,n parcels q<.05,0,0
Parcels S1 none lag2,median d,-0.071,-0.076
Parcels S1 none lag2,min d,-0.384,-0.468
Parcels S1 none lag2,"spatial r(old d, new d)",,0.040
Parcels S1 gsr lag0,n parcels q<.05,63,143
Parcels S1 gsr lag0,median d,-0.305,-0.322
Parcels S1 gsr lag0,min d,-0.589,-0.697
Parcels S1 gsr lag0,"spatial r(old d, new d)",,0.153
Parcels S1 gsr lag2,n parcels q<.05,0,1
Parcels S1 gsr lag2,median d,-0.129,-0.198
Parcels S1 gsr lag2,min d,-0.465,-0.691
Parcels S1 gsr lag2,"spatial r(old d, new d)",,0.176
GSR grid S1 schaefer200 gsr lag0 concat,d / p / r_HI,-0.55 / 0.001 / 0.12,-0.59 / 0.000 / 0.18
GSR grid S1 schaefer200 gsr lag0 edgewise,d / p / r_HI,-0.56 / 0.001 / -0.17,-0.60 / 0.000 / -0.15
GSR grid S1 schaefer200 gsr lag2 concat,d / p / r_HI,-0.39 / 0.013 / -0.02,-0.44 / 0.005 / -0.03
GSR grid S1 schaefer200 gsr lag2 edgewise,d / p / r_HI,-0.28 / 0.066 / -0.30,-0.30 / 0.052 / -0.33
GSR grid S1 schaefer200 none lag0 concat,d / p / r_HI,-0.34 / 0.030 / 0.33,-0.32 / 0.041 / 0.35
GSR grid S1 schaefer200 none lag0 edgewise,d / p / r_HI,-0.42 / 0.008 / 0.31,-0.40 / 0.012 / 0.34
GSR grid S1 schaefer200 none lag2 concat,d / p / r_HI,-0.07 / 0.666 / -0.20,-0.07 / 0.656 / -0.20
GSR grid S1 schaefer200 none lag2 edgewise,d / p / r_HI,-0.09 / 0.539 / -0.24,-0.08 / 0.582 / -0.24
GSR grid S1 schaefer400 gsr lag0 concat,d / p / r_HI,-0.49 / 0.002 / 0.17,-0.59 / 0.000 / 0.17
GSR grid S1 schaefer400 gsr lag0 edgewise,d / p / r_HI,-0.44 / 0.006 / -0.17,-0.56 / 0.001 / -0.20
GSR grid S1 schaefer400 gsr lag2 concat,d / p / r_HI,-0.19 / 0.213 / -0.19,-0.45 / 0.005 / -0.02
GSR grid S1 schaefer400 gsr lag2 edgewise,d / p / r_HI,-0.15 / 0.324 / -0.36,-0.30 / 0.055 / -0.35
GSR grid S1 schaefer400 none lag0 concat,d / p / r_HI,-0.30 / 0.052 / 0.44,-0.31 / 0.045 / 0.36
GSR grid S1 schaefer400 none lag0 edgewise,d / p / r_HI,-0.50 / 0.002 / 0.33,-0.42 / 0.008 / 0.33
GSR grid S1 schaefer400 none lag2 concat,d / p / r_HI,-0.01 / 0.932 / -0.16,-0.06 / 0.694 / -0.18
GSR grid S1 schaefer400 none lag2 edgewise,d / p / r_HI,-0.09 / 0.545 / -0.27,-0.10 / 0.527 / -0.25
GSR grid S2 schaefer200 gsr lag0 concat,d / p / r_HI,-0.36 / 0.022 / -0.12,-0.33 / 0.036 / -0.14
GSR grid S2 schaefer200 gsr lag0 edgewise,d / p / r_HI,-0.30 / 0.053 / -0.06,-0.11 / 0.453 / -0.03
GSR grid S2 schaefer200 gsr lag2 concat,d / p / r_HI,-0.30 / 0.056 / -0.13,-0.29 / 0.062 / -0.16
GSR grid S2 schaefer200 gsr lag2 edgewise,d / p / r_HI,-0.32 / 0.040 / -0.04,-0.19 / 0.222 / -0.02
GSR grid S2 schaefer200 none lag0 concat,d / p / r_HI,0.22 / 0.152 / -0.02,0.23 / 0.129 / -0.07
GSR grid S2 schaefer200 none lag0 edgewise,d / p / r_HI,0.22 / 0.158 / -0.12,0.23 / 0.132 / -0.14
GSR grid S2 schaefer200 none lag2 concat,d / p / r_HI,-0.06 / 0.696 / 0.02,-0.04 / 0.781 / 0.01
GSR grid S2 schaefer200 none lag2 edgewise,d / p / r_HI,-0.05 / 0.762 / -0.05,-0.03 / 0.857 / -0.05
GSR grid S2 schaefer400 gsr lag0 concat,d / p / r_HI,-0.14 / 0.348 / 0.06,-0.32 / 0.041 / -0.13
GSR grid S2 schaefer400 gsr lag0 edgewise,d / p / r_HI,-0.11 / 0.466 / 0.09,-0.13 / 0.406 / -0.03
GSR grid S2 schaefer400 gsr lag2 concat,d / p / r_HI,-0.09 / 0.551 / -0.03,-0.28 / 0.067 / -0.15
GSR grid S2 schaefer400 gsr lag2 edgewise,d / p / r_HI,-0.19 / 0.210 / 0.05,-0.20 / 0.183 / -0.02
GSR grid S2 schaefer400 none lag0 concat,d / p / r_HI,0.18 / 0.251 / -0.05,0.23 / 0.136 / -0.05
GSR grid S2 schaefer400 none lag0 edgewise,d / p / r_HI,0.17 / 0.276 / -0.16,0.22 / 0.155 / -0.13
GSR grid S2 schaefer400 none lag2 concat,d / p / r_HI,0.01 / 0.958 / -0.07,-0.04 / 0.775 / 0.00
GSR grid S2 schaefer400 none lag2 edgewise,d / p / r_HI,-0.01 / 0.938 / -0.14,-0.04 / 0.809 / -0.06
GSR vs FD schaefer200 concat lag0,d / r_dFD / d_lowFD / intercept p adj,-0.55 / 0.18 / -0.58 / 0.003,-0.59 / 0.10 / -0.61 / 0.002
GSR vs FD schaefer200 concat lag2,d / r_dFD / d_lowFD / intercept p adj,-0.39 / 0.25 / -0.41 / 0.039,-0.44 / 0.20 / -0.43 / 0.026
GSR vs FD schaefer200 edgewise lag0,d / r_dFD / d_lowFD / intercept p adj,-0.56 / 0.37 / -0.58 / 0.003,-0.60 / 0.31 / -0.62 / 0.004
GSR vs FD schaefer200 edgewise lag2,d / r_dFD / d_lowFD / intercept p adj,-0.28 / 0.35 / -0.26 / 0.207,-0.30 / 0.33 / -0.26 / 0.259
GSR vs FD schaefer400 concat lag0,d / r_dFD / d_lowFD / intercept p adj,-0.49 / 0.12 / -0.41 / 0.006,-0.59 / 0.11 / -0.62 / 0.002
GSR vs FD schaefer400 concat lag2,d / r_dFD / d_lowFD / intercept p adj,-0.19 / 0.18 / -0.05 / 0.365,-0.45 / 0.22 / -0.44 / 0.028
GSR vs FD schaefer400 edgewise lag0,d / r_dFD / d_lowFD / intercept p adj,-0.44 / 0.44 / -0.44 / 0.029,-0.56 / 0.33 / -0.58 / 0.007
GSR vs FD schaefer400 edgewise lag2,d / r_dFD / d_lowFD / intercept p adj,-0.15 / 0.34 / -0.07 / 0.699,-0.30 / 0.33 / -0.27 / 0.271
Spec curve joint S1 (old 160 / new 480),median_d observed / p,-0.267 / 0.0011,-0.341 / 0.0001
Spec curve joint S1 (old 160 / new 480),n_sig observed / p,71.000 / 0.0013,263.000 / 0.0004
Spec curve joint S1 (old 160 / new 480),n_sig_negative observed / p,71.000 / 0.0005,263.000 / 0.0001
Spec curve joint S1 (old 160 / new 480),sum_sig_d observed / p,-32.693 / 0.0002,-131.403 / 0.0000
Spec curve joint S2 (480),median_d observed / p,,-0.182 / 0.0127
Spec curve joint S2 (480),n_sig observed / p,,40.000 / 0.2023
Spec curve joint S2 (480),n_sig_negative observed / p,,40.000 / 0.0975
Spec curve joint S2 (480),sum_sig_d observed / p,,-13.614 / 0.0910
"Spec curve S1, same 160 specs (200/400)",median d,-0.267,-0.334
"Spec curve S1, same 160 specs (200/400)",n p<.05,71,88
Spec curve S1 median d by gsr,gsr,-0.433,-0.521
Spec curve S1 median d by gsr,none,-0.164,-0.192
Spec curve S1 median d by lag,0,-0.410,-0.439
Spec curve S1 median d by lag,1,-0.317,-0.362
Spec curve S1 median d by lag,2,-0.161,-0.256
Spec curve S1 median d by lag,3,-0.135,-0.173
Spec curve S1 median d by em,between,-0.214,-0.252
Spec curve S1 median d by em,concat,-0.273,-0.331
Spec curve S1 median d by em,edgewise,-0.337,-0.340
Spec curve S1 median d by em,within,-0.242,-0.405
Spec curve S1 median d by ztime,cond,-0.266,-0.346
Spec curve S1 median d by ztime,run,-0.273,-0.314
Spec curve S1 median d by parc,schaefer200,-0.309,-0.334
Spec curve S1 median d by parc,schaefer400,-0.217,-0.334
Spec curve S1 median d by parcellation (480),schaefer100,,-0.349
Spec curve S1 median d by parcellation (480),schaefer1000,,-0.335
Spec curve S1 median d by parcellation (480),schaefer200,,-0.334
Spec curve S1 median d by parcellation (480),schaefer400,,-0.334
Spec curve S1 median d by parcellation (480),schaefer600,,-0.331
Spec curve S1 median d by parcellation (480),schaefer800,,-0.339
Amplitude check S1 gsr,d_amp,-0.318,0.049
Amplitude check S1 gsr,p_amp,0.041,0.748
Amplitude check S1 gsr,d_dEM_edge_run,-0.601,-0.659
Amplitude check S1 gsr,d_dEM_edge_cond,-0.439,-0.565
Amplitude check S1 gsr,r_amp_dEMrun,0.656,0.619
Amplitude check S1 gsr,r_amp_dEMcond,0.449,0.349
Amplitude check S1 none,d_amp,-0.350,-0.044
Amplitude check S1 none,p_amp,0.025,0.771
Amplitude check S1 none,d_dEM_edge_run,-0.298,-0.209
Amplitude check S1 none,d_dEM_edge_cond,-0.504,-0.417
Amplitude check S1 none,r_amp_dEMrun,-0.071,-0.068
Amplitude check S1 none,r_amp_dEMcond,0.015,0.044
Amplitude check S2 gsr,d_amp,0.191,0.275
Amplitude check S2 gsr,p_amp,0.213,0.075
Amplitude check S2 gsr,d_dEM_edge_run,-0.088,-0.231
Amplitude check S2 gsr,d_dEM_edge_cond,-0.111,-0.127
Amplitude check S2 gsr,r_amp_dEMrun,0.607,0.605
Amplitude check S2 gsr,r_amp_dEMcond,0.143,0.229
Amplitude check S2 none,d_amp,0.091,0.186
Amplitude check S2 none,p_amp,0.548,0.223
Amplitude check S2 none,d_dEM_edge_run,0.103,0.117
Amplitude check S2 none,d_dEM_edge_cond,0.166,0.218
Amplitude check S2 none,r_amp_dEMrun,0.532,0.474
Amplitude check S2 none,r_amp_dEMcond,0.129,0.079
Subject-level agreement S1,"r(old Delta, new Delta)",,0.917
Subject-level agreement S1,"r(old EM_Neu, new EM_Neu)",,0.877
Subject-level agreement S1,mean EM_Inf / EM_Neu,0.567 / 0.611,0.471 / 0.530
Subject-level agreement S2,"r(old Delta, new Delta)",,0.861
