sid,parc,gsr,lag,em,delta,ses
1,schaefer200,none,0,concat,-0.1007684393984914,2
1,schaefer200,none,0,edgewise,-0.0758965461145109,2
1,schaefer200,none,2,concat,-0.1276924436853667,2
1,schaefer200,none,2,edgewise,-0.0737442570922808,2
1,schaefer200,gsr,0,concat,-0.0571170006120036,2
1,schaefer200,gsr,0,edgewise,-0.0238937148685045,2
1,schaefer200,gsr,2,concat,-0.0505311057398925,2
1,schaefer200,gsr,2,edgewise,-0.0162314640847445,2
1,schaefer400,none,0,concat,-0.0849463652146282,2
1,schaefer400,none,0,edgewise,-0.066631277398212,2
1,schaefer400,none,2,concat,-0.1109835253645518,2
1,schaefer400,none,2,edgewise,-0.0617765959989511,2
1,schaefer400,gsr,0,concat,-0.0432669721048533,2
1,schaefer400,gsr,0,edgewise,-0.0214804620034159,2
1,schaefer400,gsr,2,concat,-0.0407558749557107,2
1,schaefer400,gsr,2,edgewise,-0.0119724822751767,2
2,schaefer200,none,0,concat,0.0842412303837785,2
2,schaefer200,none,0,edgewise,0.1134546704097436,2
2,schaefer200,none,2,concat,0.0609610420799821,2
2,schaefer200,none,2,edgewise,0.0554436652760479,2
2,schaefer200,gsr,0,concat,-0.0379420155728448,2
2,schaefer200,gsr,0,edgewise,-0.0045294900541066,2
2,schaefer200,gsr,2,concat,-0.0247822231497943,2
2,schaefer200,gsr,2,edgewise,-0.0359482691370043,2
2,schaefer400,none,0,concat,0.0680151605698099,2
2,schaefer400,none,0,edgewise,0.095550987909339,2
2,schaefer400,none,2,concat,0.0552430733556749,2
2,schaefer400,none,2,edgewise,0.0472949493068397,2
2,schaefer400,gsr,0,concat,-0.0354186911935127,2
2,schaefer400,gsr,0,edgewise,-0.0005880671317248,2
2,schaefer400,gsr,2,concat,-0.0219284162225007,2
2,schaefer400,gsr,2,edgewise,-0.0322459645185493,2
5,schaefer200,none,0,concat,-0.2437531996768425,2
5,schaefer200,none,0,edgewise,-0.2288224307316382,2
5,schaefer200,none,2,concat,-0.9333374900916234,2
5,schaefer200,none,2,edgewise,-0.8250268082916312,2
5,schaefer200,gsr,0,concat,-0.0321772790791064,2
5,schaefer200,gsr,0,edgewise,-0.0034797104495449,2
5,schaefer200,gsr,2,concat,-0.1624961716070251,2
5,schaefer200,gsr,2,edgewise,-0.0203655752139988,2
5,schaefer400,none,0,concat,-0.2202408536696147,2
5,schaefer400,none,0,edgewise,-0.2006724415929834,2
5,schaefer400,none,2,concat,-0.8658348587616245,2
5,schaefer400,none,2,edgewise,-0.7391906174042944,2
5,schaefer400,gsr,0,concat,-0.0249265345969523,2
5,schaefer400,gsr,0,edgewise,0.0026506063461162,2
5,schaefer400,gsr,2,concat,-0.1461665524984601,2
5,schaefer400,gsr,2,edgewise,-0.0145173625529704,2
7,schaefer200,none,0,concat,-0.0110607128937554,2
7,schaefer200,none,0,edgewise,-0.0013840957724731,2
7,schaefer200,none,2,concat,0.0241221193882789,2
7,schaefer200,none,2,edgewise,0.0124594531727673,2
7,schaefer200,gsr,0,concat,-0.0724942121005333,2
7,schaefer200,gsr,0,edgewise,-0.0222112042282915,2
7,schaefer200,gsr,2,concat,-0.076114899275295,2
7,schaefer200,gsr,2,edgewise,-0.0225761467441549,2
7,schaefer400,none,0,concat,-0.0160069833611031,2
7,schaefer400,none,0,edgewise,-0.0022787890729352,2
7,schaefer400,none,2,concat,0.0145115175117999,2
7,schaefer400,none,2,edgewise,0.0060810385418064,2
7,schaefer400,gsr,0,concat,-0.0661250629736321,2
7,schaefer400,gsr,0,edgewise,-0.0186375672923788,2
7,schaefer400,gsr,2,concat,-0.0679988269786147,2
7,schaefer400,gsr,2,edgewise,-0.0164913154205696,2
8,schaefer200,none,0,concat,0.0862339922952587,2
8,schaefer200,none,0,edgewise,0.0555242074091673,2
8,schaefer200,none,2,concat,0.1115259586550236,2
8,schaefer200,none,2,edgewise,0.069798212117869,2
8,schaefer200,gsr,0,concat,-0.1911203474678871,2
8,schaefer200,gsr,0,edgewise,-0.0309381297965778,2
8,schaefer200,gsr,2,concat,-0.0761495053773888,2
8,schaefer200,gsr,2,edgewise,0.0215825477844424,2
8,schaefer400,none,0,concat,0.0883577217819739,2
8,schaefer400,none,0,edgewise,0.0507434445751322,2
8,schaefer400,none,2,concat,0.1107320766311937,2
8,schaefer400,none,2,edgewise,0.0642913579594883,2
8,schaefer400,gsr,0,concat,-0.1672194759394939,2
8,schaefer400,gsr,0,edgewise,-0.0268913504752561,2
8,schaefer400,gsr,2,concat,-0.0722869205767822,2
8,schaefer400,gsr,2,edgewise,0.0135266001452054,2
9,schaefer200,none,0,concat,-0.1090354578436663,2
9,schaefer200,none,0,edgewise,-0.0368913053000283,2
9,schaefer200,none,2,concat,-0.053599793360674,2
9,schaefer200,none,2,edgewise,-0.0111499143075983,2
9,schaefer200,gsr,0,concat,-0.2104262314498468,2
9,schaefer200,gsr,0,edgewise,-0.0461695445801864,2
9,schaefer200,gsr,2,concat,-0.2034857020340022,2
9,schaefer200,gsr,2,edgewise,-0.044167354702931,2
9,schaefer400,none,0,concat,-0.0982385524898578,2
9,schaefer400,none,0,edgewise,-0.0299593877103989,2
9,schaefer400,none,2,concat,-0.0546435481410566,2
9,schaefer400,none,2,edgewise,-0.0101756314902097,2
9,schaefer400,gsr,0,concat,-0.1659463591766572,2
9,schaefer400,gsr,0,edgewise,-0.0456552253826358,2
9,schaefer400,gsr,2,concat,-0.1617910381663092,2
9,schaefer400,gsr,2,edgewise,-0.040721435554156,2
10,schaefer200,none,0,concat,0.1070782962064533,2
10,schaefer200,none,0,edgewise,0.0218235024643553,2
10,schaefer200,none,2,concat,-0.1341616300795075,2
10,schaefer200,none,2,edgewise,-0.0502854648365389,2
10,schaefer200,gsr,0,concat,-0.1359138477133066,2
10,schaefer200,gsr,0,edgewise,-0.0200494250678298,2
10,schaefer200,gsr,2,concat,-0.1377708184469427,2
10,schaefer200,gsr,2,edgewise,-0.0233572377949373,2
10,schaefer400,none,0,concat,0.0944049096740475,2
10,schaefer400,none,0,edgewise,0.0153048486549132,2
10,schaefer400,none,2,concat,-0.1157575062031897,2
10,schaefer400,none,2,edgewise,-0.0386799242393067,2
10,schaefer400,gsr,0,concat,-0.1142164273520848,2
10,schaefer400,gsr,0,edgewise,-0.0135238039304104,2
10,schaefer400,gsr,2,concat,-0.1165262773986579,2
10,schaefer400,gsr,2,edgewise,-0.0174767290085418,2
11,schaefer200,none,0,concat,0.1750667998451539,2
11,schaefer200,none,0,edgewise,0.0869431830007245,2
11,schaefer200,none,2,concat,0.195394294521886,2
11,schaefer200,none,2,edgewise,0.1189348000722616,2
11,schaefer200,gsr,0,concat,-0.3729252911367877,2
11,schaefer200,gsr,0,edgewise,-0.1736563256193994,2
11,schaefer200,gsr,2,concat,-0.2477819703409295,2
11,schaefer200,gsr,2,edgewise,-0.1145289575393506,2
11,schaefer400,none,0,concat,0.1601653968161024,2
11,schaefer400,none,0,edgewise,0.071665029696649,2
11,schaefer400,none,2,concat,0.1731568333049133,2
11,schaefer400,none,2,edgewise,0.09521523254441,2
11,schaefer400,gsr,0,concat,-0.3115162321577911,2
11,schaefer400,gsr,0,edgewise,-0.1315373681906273,2
11,schaefer400,gsr,2,concat,-0.2058409233785575,2
11,schaefer400,gsr,2,edgewise,-0.0885001814871269,2
12,schaefer200,none,0,concat,-0.0033861469415109,2
12,schaefer200,none,0,edgewise,-0.0813196087150178,2
12,schaefer200,none,2,concat,-0.0083526275043778,2
12,schaefer200,none,2,edgewise,-0.0827147975279374,2
12,schaefer200,gsr,0,concat,0.1637108880051593,2
12,schaefer200,gsr,0,edgewise,0.0346573255130038,2
12,schaefer200,gsr,2,concat,0.1501709268574016,2
12,schaefer200,gsr,2,edgewise,0.0119881782617192,2
12,schaefer400,none,0,concat,0.0103427956332809,2
12,schaefer400,none,0,edgewise,-0.0680131382129261,2
12,schaefer400,none,2,concat,0.0055013932625553,2
12,schaefer400,none,2,edgewise,-0.0691702761101062,2
12,schaefer400,gsr,0,concat,0.1482443658998012,2
12,schaefer400,gsr,0,edgewise,0.0261574460697076,2
12,schaefer400,gsr,2,concat,0.1365224993159675,2
12,schaefer400,gsr,2,edgewise,0.0039081057462853,2
13,schaefer200,none,0,concat,-0.1870102558145445,2
13,schaefer200,none,0,edgewise,-0.1164585914185596,2
13,schaefer200,none,2,concat,-0.2566367308418731,2
13,schaefer200,none,2,edgewise,-0.1095720914682336,2
13,schaefer200,gsr,0,concat,-0.0253568466944098,2
13,schaefer200,gsr,0,edgewise,-0.0339648329945796,2
13,schaefer200,gsr,2,concat,0.0418331199754212,2
13,schaefer200,gsr,2,edgewise,-0.0155826741261813,2
13,schaefer400,none,0,concat,-0.1681728495317087,2
13,schaefer400,none,0,edgewise,-0.0956940659667324,2
13,schaefer400,none,2,concat,-0.2610589693296585,2
13,schaefer400,none,2,edgewise,-0.1052554292579559,2
13,schaefer400,gsr,0,concat,-0.0240330062393748,2
13,schaefer400,gsr,0,edgewise,-0.0334523883159751,2
13,schaefer400,gsr,2,concat,0.0285612430137374,2
13,schaefer400,gsr,2,edgewise,-0.0239310903441745,2
14,schaefer200,none,0,concat,0.1108650276872408,2
14,schaefer200,none,0,edgewise,0.0313400839679509,2
14,schaefer200,none,2,concat,0.1987227381509979,2
14,schaefer200,none,2,edgewise,0.0372749305193995,2
14,schaefer200,gsr,0,concat,-0.0121705494834193,2
14,schaefer200,gsr,0,edgewise,-0.0183059050382132,2
14,schaefer200,gsr,2,concat,-0.019075347316812,2
14,schaefer200,gsr,2,edgewise,-0.0374934107575737,2
14,schaefer400,none,0,concat,0.0896157864638164,2
14,schaefer400,none,0,edgewise,0.0231336343017229,2
14,schaefer400,none,2,concat,0.1687295307292544,2
14,schaefer400,none,2,edgewise,0.0206285890101114,2
14,schaefer400,gsr,0,concat,-0.0095005193601027,2
14,schaefer400,gsr,0,edgewise,-0.0149466770563194,2
14,schaefer400,gsr,2,concat,-0.0130629311071392,2
14,schaefer400,gsr,2,edgewise,-0.0338443083158421,2
15,schaefer200,none,0,concat,-0.0310917172464504,2
15,schaefer200,none,0,edgewise,-0.0351738995836801,2
15,schaefer200,none,2,concat,-0.0499826777583559,2
15,schaefer200,none,2,edgewise,-0.0275333041431962,2
15,schaefer200,gsr,0,concat,0.0179621997724342,2
15,schaefer200,gsr,0,edgewise,-0.0319677556161885,2
15,schaefer200,gsr,2,concat,0.0398997550400739,2
15,schaefer200,gsr,2,edgewise,-0.0225047639112812,2
15,schaefer400,none,0,concat,-0.0259741731253894,2
15,schaefer400,none,0,edgewise,-0.0336731113721193,2
15,schaefer400,none,2,concat,-0.0384341163414669,2
15,schaefer400,none,2,edgewise,-0.0231024501508203,2
15,schaefer400,gsr,0,concat,0.00922071347802,2
15,schaefer400,gsr,0,edgewise,-0.0386209793987505,2
15,schaefer400,gsr,2,concat,0.0262026243673605,2
15,schaefer400,gsr,2,edgewise,-0.0259503483069183,2
16,schaefer200,none,0,concat,-0.3351135047806266,2
16,schaefer200,none,0,edgewise,-0.2039735777268487,2
16,schaefer200,none,2,concat,-0.2662322817774362,2
16,schaefer200,none,2,edgewise,-0.1250578931832022,2
16,schaefer200,gsr,0,concat,0.1935066000582636,2
16,schaefer200,gsr,0,edgewise,-0.0307360457017704,2
16,schaefer200,gsr,2,concat,0.2067026871073706,2
16,schaefer200,gsr,2,edgewise,0.0207534507836533,2
16,schaefer400,none,0,concat,-0.305600442439214,2
16,schaefer400,none,0,edgewise,-0.179149933417658,2
16,schaefer400,none,2,concat,-0.2475527819228592,2
16,schaefer400,none,2,edgewise,-0.1086767699078397,2
16,schaefer400,gsr,0,concat,0.1703330244916046,2
16,schaefer400,gsr,0,edgewise,-0.0460068691071975,2
16,schaefer400,gsr,2,concat,0.1832727339830099,2
16,schaefer400,gsr,2,edgewise,0.0058588660170082,2
17,schaefer200,none,0,concat,0.137467872034796,2
17,schaefer200,none,0,edgewise,0.0963926473474643,2
17,schaefer200,none,2,concat,0.1203656075529907,2
17,schaefer200,none,2,edgewise,0.0858395189291654,2
17,schaefer200,gsr,0,concat,-0.0942418333199713,2
17,schaefer200,gsr,0,edgewise,-0.0185502804225645,2
17,schaefer200,gsr,2,concat,-0.0709510031768211,2
17,schaefer200,gsr,2,edgewise,-0.0282782081238723,2
17,schaefer400,none,0,concat,0.1235603980960599,2
17,schaefer400,none,0,edgewise,0.0843792931390912,2
17,schaefer400,none,2,concat,0.1090351646489556,2
17,schaefer400,none,2,edgewise,0.0728816964824943,2
17,schaefer400,gsr,0,concat,-0.0759804349139099,2
17,schaefer400,gsr,0,edgewise,-0.0025452462564972,2
17,schaefer400,gsr,2,concat,-0.0413680106604771,2
17,schaefer400,gsr,2,edgewise,-0.008698542650928,2
18,schaefer200,none,0,concat,0.3125356488239705,2
18,schaefer200,none,0,edgewise,0.2966926149473758,2
18,schaefer200,none,2,concat,-0.1370401713787279,2
18,schaefer200,none,2,edgewise,-0.0878390294969639,2
18,schaefer200,gsr,0,concat,-0.0328862055664157,2
18,schaefer200,gsr,0,edgewise,-0.0506069012760255,2
18,schaefer200,gsr,2,concat,0.0179568646453471,2
18,schaefer200,gsr,2,edgewise,-0.0323944886897138,2
18,schaefer400,none,0,concat,0.2631865624090712,2
18,schaefer400,none,0,edgewise,0.2478586506675519,2
18,schaefer400,none,2,concat,-0.1207057638108946,2
18,schaefer400,none,2,edgewise,-0.0685772638893695,2
18,schaefer400,gsr,0,concat,-0.0372969245000374,2
18,schaefer400,gsr,0,edgewise,-0.0445747058138992,2
18,schaefer400,gsr,2,concat,0.0081892143338664,2
18,schaefer400,gsr,2,edgewise,-0.0302268516245074,2
19,schaefer200,none,0,concat,-0.0025456902535484,2
19,schaefer200,none,0,edgewise,-0.0169200637115538,2
19,schaefer200,none,2,concat,0.0619941883818818,2
19,schaefer200,none,2,edgewise,-0.0020556277984897,2
19,schaefer200,gsr,0,concat,-0.1524661115001528,2
19,schaefer200,gsr,0,edgewise,-0.038975877218456,2
19,schaefer200,gsr,2,concat,-0.1460901065374867,2
19,schaefer200,gsr,2,edgewise,-0.0551649272405423,2
19,schaefer400,none,0,concat,0.0083907805624032,2
19,schaefer400,none,0,edgewise,-0.0088777689583365,2
19,schaefer400,none,2,concat,0.0640357974952202,2
19,schaefer400,none,2,edgewise,-0.0007065474058622,2
19,schaefer400,gsr,0,concat,-0.1100001882228621,2
19,schaefer400,gsr,0,edgewise,-0.027750849847671,2
19,schaefer400,gsr,2,concat,-0.1047716588919704,2
19,schaefer400,gsr,2,edgewise,-0.0419092766626643,2
20,schaefer200,none,0,concat,-0.236347642041163,2
20,schaefer200,none,0,edgewise,-0.1424238899404177,2
20,schaefer200,none,2,concat,-0.108509415601434,2
20,schaefer200,none,2,edgewise,-0.0520756239543689,2
20,schaefer200,gsr,0,concat,-0.0363228257778018,2
20,schaefer200,gsr,0,edgewise,-0.0164303578829396,2
20,schaefer200,gsr,2,concat,-0.0257092545043509,2
20,schaefer200,gsr,2,edgewise,0.0134842346392403,2
20,schaefer400,none,0,concat,-0.2206587224299061,2
20,schaefer400,none,0,edgewise,-0.123715034035577,2
20,schaefer400,none,2,concat,-0.0951313946434205,2
20,schaefer400,none,2,edgewise,-0.0410896188235339,2
20,schaefer400,gsr,0,concat,-0.0312802696059459,2
20,schaefer400,gsr,0,edgewise,-0.0113519392297702,2
20,schaefer400,gsr,2,concat,-0.0245450780848803,2
20,schaefer400,gsr,2,edgewise,0.0125183195213403,2
22,schaefer200,none,0,concat,0.1952618525383584,2
22,schaefer200,none,0,edgewise,0.1234643672980013,2
22,schaefer200,none,2,concat,0.2360694179763675,2
22,schaefer200,none,2,edgewise,0.1424375951955585,2
22,schaefer200,gsr,0,concat,-0.018297435826818,2
22,schaefer200,gsr,0,edgewise,-0.0647104442376592,2
22,schaefer200,gsr,2,concat,-0.0538098234021329,2
22,schaefer200,gsr,2,edgewise,-0.0653250864171383,2
22,schaefer400,none,0,concat,0.1979264975473673,2
22,schaefer400,none,0,edgewise,0.1203007843472994,2
22,schaefer400,none,2,concat,0.2246203755610842,2
22,schaefer400,none,2,edgewise,0.1297216824985181,2
22,schaefer400,gsr,0,concat,-0.0111745662909069,2
22,schaefer400,gsr,0,edgewise,-0.05898725375701,2
22,schaefer400,gsr,2,concat,-0.0433093005145534,2
22,schaefer400,gsr,2,edgewise,-0.0575991635764646,2
23,schaefer200,none,0,concat,-0.0361361568959816,2
23,schaefer200,none,0,edgewise,-0.0130898047850587,2
23,schaefer200,none,2,concat,-0.1804572573355868,2
23,schaefer200,none,2,edgewise,-0.0640597858120699,2
23,schaefer200,gsr,0,concat,-0.0057875100779286,2
23,schaefer200,gsr,0,edgewise,0.0300506018882225,2
23,schaefer200,gsr,2,concat,0.0055774837591899,2
23,schaefer200,gsr,2,edgewise,0.0538173117922851,2
23,schaefer400,none,0,concat,-0.0344502348758991,2
23,schaefer400,none,0,edgewise,-0.0124787140593218,2
23,schaefer400,none,2,concat,-0.1560219983766889,2
23,schaefer400,none,2,edgewise,-0.0467723828154575,2
23,schaefer400,gsr,0,concat,-0.0062201312143816,2
23,schaefer400,gsr,0,edgewise,0.0294354679744659,2
23,schaefer400,gsr,2,concat,0.0045105665002388,2
23,schaefer400,gsr,2,edgewise,0.054437199701917,2
24,schaefer200,none,0,concat,0.1466698713338551,2
24,schaefer200,none,0,edgewise,0.0821845310743858,2
24,schaefer200,none,2,concat,0.3810372936137207,2
24,schaefer200,none,2,edgewise,0.2390422141587966,2
24,schaefer200,gsr,0,concat,-0.0624692109311075,2
24,schaefer200,gsr,0,edgewise,0.0087955112467879,2
24,schaefer200,gsr,2,concat,0.032483808070944,2
24,schaefer200,gsr,2,edgewise,0.041756583436064,2
24,schaefer400,none,0,concat,0.1428928676556005,2
24,schaefer400,none,0,edgewise,0.0854526072487447,2
24,schaefer400,none,2,concat,0.3291004984961379,2
24,schaefer400,none,2,edgewise,0.1942394863188719,2
24,schaefer400,gsr,0,concat,-0.0505648783474594,2
24,schaefer400,gsr,0,edgewise,0.0150204126715205,2
24,schaefer400,gsr,2,concat,0.0334249599050252,2
24,schaefer400,gsr,2,edgewise,0.0384784559087456,2
25,schaefer200,none,0,concat,-0.1092163394771281,2
25,schaefer200,none,0,edgewise,-0.0594903210982977,2
25,schaefer200,none,2,concat,-0.2960437200470888,2
25,schaefer200,none,2,edgewise,-0.140336025698275,2
25,schaefer200,gsr,0,concat,-0.0188300725820685,2
25,schaefer200,gsr,0,edgewise,-0.0007252655613918,2
25,schaefer200,gsr,2,concat,-0.0646457853020067,2
25,schaefer200,gsr,2,edgewise,-0.0591937926687697,2
25,schaefer400,none,0,concat,-0.0907053878604081,2
25,schaefer400,none,0,edgewise,-0.0471590508989627,2
25,schaefer400,none,2,concat,-0.2444664234296757,2
25,schaefer400,none,2,edgewise,-0.1106332532333087,2
25,schaefer400,gsr,0,concat,-0.0143752283418942,2
25,schaefer400,gsr,0,edgewise,0.0009862445501005,2
25,schaefer400,gsr,2,concat,-0.0529247028848635,2
25,schaefer400,gsr,2,edgewise,-0.0487582719681015,2
26,schaefer200,none,0,concat,-0.013334490133339,2
26,schaefer200,none,0,edgewise,-0.0172096094500919,2
26,schaefer200,none,2,concat,-0.0471148370389546,2
26,schaefer200,none,2,edgewise,-0.0119998025072567,2
26,schaefer200,gsr,0,concat,-0.0059656483055539,2
26,schaefer200,gsr,0,edgewise,-0.0065067848764133,2
26,schaefer200,gsr,2,concat,-0.0066403825247532,2
26,schaefer200,gsr,2,edgewise,-0.0053878442150305,2
26,schaefer400,none,0,concat,-0.0095760480915148,2
26,schaefer400,none,0,edgewise,-0.0139650454334467,2
26,schaefer400,none,2,concat,-0.0391405587618322,2
26,schaefer400,none,2,edgewise,-0.0103875100450747,2
26,schaefer400,gsr,0,concat,-0.0040417517541382,2
26,schaefer400,gsr,0,edgewise,-0.0047530448247931,2
26,schaefer400,gsr,2,concat,-0.0061781539921165,2
26,schaefer400,gsr,2,edgewise,-0.0069827651188969,2
27,schaefer200,none,0,concat,-0.1748891035475134,2
27,schaefer200,none,0,edgewise,-0.2085542997195006,2
27,schaefer200,none,2,concat,-0.1607771565413713,2
27,schaefer200,none,2,edgewise,-0.2025587131778439,2
27,schaefer200,gsr,0,concat,0.0903602562584561,2
27,schaefer200,gsr,0,edgewise,-0.1607271715332059,2
27,schaefer200,gsr,2,concat,-0.0115442312277772,2
27,schaefer200,gsr,2,edgewise,-0.086492440925564,2
27,schaefer400,none,0,concat,-0.1665180523414707,2
27,schaefer400,none,0,edgewise,-0.1988913064748294,2
27,schaefer400,none,2,concat,-0.1492831474091495,2
27,schaefer400,none,2,edgewise,-0.1889965494002776,2
27,schaefer400,gsr,0,concat,0.0771494287373871,2
27,schaefer400,gsr,0,edgewise,-0.1638684917135338,2
27,schaefer400,gsr,2,concat,-0.0158168866654519,2
27,schaefer400,gsr,2,edgewise,-0.0923496474435745,2
29,schaefer200,none,0,concat,0.280175897708276,2
29,schaefer200,none,0,edgewise,0.2415833602274832,2
29,schaefer200,none,2,concat,-0.1358347108468992,2
29,schaefer200,none,2,edgewise,-0.0884851251679366,2
29,schaefer200,gsr,0,concat,-0.1157260940512545,2
29,schaefer200,gsr,0,edgewise,0.0536294530517649,2
29,schaefer200,gsr,2,concat,-0.117020674759873,2
29,schaefer200,gsr,2,edgewise,-0.031296797121552,2
29,schaefer400,none,0,concat,0.2336565588107663,2
29,schaefer400,none,0,edgewise,0.198745600059446,2
29,schaefer400,none,2,concat,-0.1253656281095871,2
29,schaefer400,none,2,edgewise,-0.0757455442569139,2
29,schaefer400,gsr,0,concat,-0.0929175325177746,2
29,schaefer400,gsr,0,edgewise,0.0549719602988065,2
29,schaefer400,gsr,2,concat,-0.0948699433376754,2
29,schaefer400,gsr,2,edgewise,-0.0248502982862084,2
31,schaefer200,none,0,concat,0.4310871530438456,2
31,schaefer200,none,0,edgewise,0.1750460275989076,2
31,schaefer200,none,2,concat,-0.0933913288024544,2
31,schaefer200,none,2,edgewise,-0.1007829409511529,2
31,schaefer200,gsr,0,concat,-0.3601172108658176,2
31,schaefer200,gsr,0,edgewise,-0.0740179710390724,2
31,schaefer200,gsr,2,concat,-0.3483506780573199,2
31,schaefer200,gsr,2,edgewise,-0.1214958780002894,2
31,schaefer400,none,0,concat,0.3911734782107167,2
31,schaefer400,none,0,edgewise,0.1408749282654391,2
31,schaefer400,none,2,concat,-0.0621620654808766,2
31,schaefer400,none,2,edgewise,-0.0863338436695475,2
31,schaefer400,gsr,0,concat,-0.2938556184875786,2
31,schaefer400,gsr,0,edgewise,-0.0574663448177339,2
31,schaefer400,gsr,2,concat,-0.2836726506028807,2
31,schaefer400,gsr,2,edgewise,-0.1082844789987482,2
32,schaefer200,none,0,concat,0.0453578334567943,2
32,schaefer200,none,0,edgewise,0.1254928179997567,2
32,schaefer200,none,2,concat,0.1246173155099522,2
32,schaefer200,none,2,edgewise,0.1637641723954854,2
32,schaefer200,gsr,0,concat,0.0110564485945831,2
32,schaefer200,gsr,0,edgewise,-0.0026093958479724,2
32,schaefer200,gsr,2,concat,0.0369834474441737,2
32,schaefer200,gsr,2,edgewise,-0.0098719711252748,2
32,schaefer400,none,0,concat,0.0210754160118817,2
32,schaefer400,none,0,edgewise,0.104094782709351,2
32,schaefer400,none,2,concat,0.0997134458417103,2
32,schaefer400,none,2,edgewise,0.1350638779001156,2
32,schaefer400,gsr,0,concat,0.0174166938059974,2
32,schaefer400,gsr,0,edgewise,0.0017078254889326,2
32,schaefer400,gsr,2,concat,0.04126750005238,2
32,schaefer400,gsr,2,edgewise,-0.0057074851691696,2
33,schaefer200,none,0,concat,0.0976579151852888,2
33,schaefer200,none,0,edgewise,-0.0061126210372577,2
33,schaefer200,none,2,concat,0.0055184335992459,2
33,schaefer200,none,2,edgewise,0.0254087804926844,2
33,schaefer200,gsr,0,concat,0.0148956921361729,2
33,schaefer200,gsr,0,edgewise,-0.0368203573070158,2
33,schaefer200,gsr,2,concat,-0.0125454214819683,2
33,schaefer200,gsr,2,edgewise,0.0312229096583032,2
33,schaefer400,none,0,concat,0.0928639190283888,2
33,schaefer400,none,0,edgewise,-0.0156364356398144,2
33,schaefer400,none,2,concat,0.0047366086706268,2
33,schaefer400,none,2,edgewise,0.03051874179647,2
33,schaefer400,gsr,0,concat,0.0193979843391285,2
33,schaefer400,gsr,0,edgewise,-0.0415319673649422,2
33,schaefer400,gsr,2,concat,-0.0096653891455723,2
33,schaefer400,gsr,2,edgewise,0.0369582702779333,2
36,schaefer200,none,0,concat,0.0675206763448178,2
36,schaefer200,none,0,edgewise,0.0159335891510863,2
36,schaefer200,none,2,concat,-0.1978671365296433,2
36,schaefer200,none,2,edgewise,-0.0949084982205703,2
36,schaefer200,gsr,0,concat,0.0042900107475538,2
36,schaefer200,gsr,0,edgewise,-0.0181653777247974,2
36,schaefer200,gsr,2,concat,0.0006655861317794,2
36,schaefer200,gsr,2,edgewise,-0.0131592994717992,2
36,schaefer400,none,0,concat,0.0444206732455884,2
36,schaefer400,none,0,edgewise,0.0032017386235503,2
36,schaefer400,none,2,concat,-0.1901774880847395,2
36,schaefer400,none,2,edgewise,-0.0777799783797636,2
36,schaefer400,gsr,0,concat,0.00650817054903,2
36,schaefer400,gsr,0,edgewise,-0.010120858519768,2
36,schaefer400,gsr,2,concat,0.0028556108192757,2
36,schaefer400,gsr,2,edgewise,-0.0059883871766666,2
37,schaefer200,none,0,concat,0.6251891540197665,2
37,schaefer200,none,0,edgewise,0.4508358952757467,2
37,schaefer200,none,2,concat,0.8643839316214106,2
37,schaefer200,none,2,edgewise,0.5065580449517373,2
37,schaefer200,gsr,0,concat,0.0213321321777882,2
37,schaefer200,gsr,0,edgewise,0.0212797648669482,2
37,schaefer200,gsr,2,concat,0.0324862500156952,2
37,schaefer200,gsr,2,edgewise,-0.0185388961979848,2
37,schaefer400,none,0,concat,0.5542170080898542,2
37,schaefer400,none,0,edgewise,0.3685602245261694,2
37,schaefer400,none,2,concat,0.7739256344814116,2
37,schaefer400,none,2,edgewise,0.4084638935541183,2
37,schaefer400,gsr,0,concat,0.0193874576209676,2
37,schaefer400,gsr,0,edgewise,0.0171161950327256,2
37,schaefer400,gsr,2,concat,0.0278717774046183,2
37,schaefer400,gsr,2,edgewise,-0.018324536694934,2
38,schaefer200,none,0,concat,0.2705824270915311,2
38,schaefer200,none,0,edgewise,0.2312199191882911,2
38,schaefer200,none,2,concat,0.7690258783748225,2
38,schaefer200,none,2,edgewise,0.5528137036878864,2
38,schaefer200,gsr,0,concat,-0.1393812435556679,2
38,schaefer200,gsr,0,edgewise,-0.0518964532460106,2
38,schaefer200,gsr,2,concat,-0.107802284623111,2
38,schaefer200,gsr,2,edgewise,-0.0390528118211981,2
38,schaefer400,none,0,concat,0.231258638719936,2
38,schaefer400,none,0,edgewise,0.182767971173579,2
38,schaefer400,none,2,concat,0.6695983042377329,2
38,schaefer400,none,2,edgewise,0.4406912171283159,2
38,schaefer400,gsr,0,concat,-0.1105347759830777,2
38,schaefer400,gsr,0,edgewise,-0.0472099962689152,2
38,schaefer400,gsr,2,concat,-0.0861165354695631,2
38,schaefer400,gsr,2,edgewise,-0.0360483413725787,2
39,schaefer200,none,0,concat,-0.2376969913484504,2
39,schaefer200,none,0,edgewise,-0.0794682931159334,2
39,schaefer200,none,2,concat,-0.2366678284824059,2
39,schaefer200,none,2,edgewise,-0.0867066843120711,2
39,schaefer200,gsr,0,concat,-0.2483104602816448,2
39,schaefer200,gsr,0,edgewise,-0.0499544148421908,2
39,schaefer200,gsr,2,concat,-0.2636865430317631,2
39,schaefer200,gsr,2,edgewise,-0.034243807136127,2
39,schaefer400,none,0,concat,-0.2294396577146887,2
39,schaefer400,none,0,edgewise,-0.0712079825005831,2
39,schaefer400,none,2,concat,-0.2217246707227114,2
39,schaefer400,none,2,edgewise,-0.0716290414328104,2
39,schaefer400,gsr,0,concat,-0.2093291484114671,2
39,schaefer400,gsr,0,edgewise,-0.0337089273172261,2
39,schaefer400,gsr,2,concat,-0.2209785237406699,2
39,schaefer400,gsr,2,edgewise,-0.0150095661509437,2
40,schaefer200,none,0,concat,0.100263850562935,2
40,schaefer200,none,0,edgewise,0.0391553486794744,2
40,schaefer200,none,2,concat,-0.1451342692680201,2
40,schaefer200,none,2,edgewise,-0.0620129610138389,2
40,schaefer200,gsr,0,concat,0.1381925423829715,2
40,schaefer200,gsr,0,edgewise,0.0143943292888839,2
40,schaefer200,gsr,2,concat,0.1471157357145029,2
40,schaefer200,gsr,2,edgewise,0.0259389045370441,2
40,schaefer400,none,0,concat,0.0934610101024923,2
40,schaefer400,none,0,edgewise,0.0321046176008632,2
40,schaefer400,none,2,concat,-0.1136189895493956,2
40,schaefer400,none,2,edgewise,-0.0448345099112437,2
40,schaefer400,gsr,0,concat,0.1220130439688058,2
40,schaefer400,gsr,0,edgewise,0.0041989424355914,2
40,schaefer400,gsr,2,concat,0.1267114145655653,2
40,schaefer400,gsr,2,edgewise,0.0112012781691748,2
41,schaefer200,none,0,concat,0.2198713560575359,2
41,schaefer200,none,0,edgewise,0.2152676739314825,2
41,schaefer200,none,2,concat,0.5066621510554413,2
41,schaefer200,none,2,edgewise,0.3533772136310724,2
41,schaefer200,gsr,0,concat,-0.0330641464769956,2
41,schaefer200,gsr,0,edgewise,0.015279221117906,2
41,schaefer200,gsr,2,concat,-0.0669132686112828,2
41,schaefer200,gsr,2,edgewise,-0.0053314454837423,2
41,schaefer400,none,0,concat,0.175703309039771,2
41,schaefer400,none,0,edgewise,0.1722648975583065,2
41,schaefer400,none,2,concat,0.4449600424488216,2
41,schaefer400,none,2,edgewise,0.287655333542989,2
41,schaefer400,gsr,0,concat,-0.0335111853554306,2
41,schaefer400,gsr,0,edgewise,0.0163471247410971,2
41,schaefer400,gsr,2,concat,-0.0567337875917105,2
41,schaefer400,gsr,2,edgewise,0.0040219585496505,2
42,schaefer200,none,0,concat,-0.0223299063359492,2
42,schaefer200,none,0,edgewise,0.0073890530841762,2
42,schaefer200,none,2,concat,0.0483161524784914,2
42,schaefer200,none,2,edgewise,0.0470365815914104,2
42,schaefer200,gsr,0,concat,-0.1036918970162955,2
42,schaefer200,gsr,0,edgewise,-0.0196563551267185,2
42,schaefer200,gsr,2,concat,-0.0615045459635124,2
42,schaefer200,gsr,2,edgewise,0.0044990145760415,2
42,schaefer400,none,0,concat,-0.017143062451998,2
42,schaefer400,none,0,edgewise,0.0044887311166381,2
42,schaefer400,none,2,concat,0.0444935341543089,2
42,schaefer400,none,2,edgewise,0.0348251614971604,2
42,schaefer400,gsr,0,concat,-0.0946836644854978,2
42,schaefer400,gsr,0,edgewise,-0.0121245882828961,2
42,schaefer400,gsr,2,concat,-0.0585379214841758,2
42,schaefer400,gsr,2,edgewise,0.0085455524067312,2
43,schaefer200,none,0,concat,0.019664465846112,2
43,schaefer200,none,0,edgewise,0.0444738935443251,2
43,schaefer200,none,2,concat,0.1563928930422469,2
43,schaefer200,none,2,edgewise,0.1013398645669552,2
43,schaefer200,gsr,0,concat,0.0241687428499091,2
43,schaefer200,gsr,0,edgewise,0.0345375639830181,2
43,schaefer200,gsr,2,concat,-0.0148453036705175,2
43,schaefer200,gsr,2,edgewise,0.0223227182241452,2
43,schaefer400,none,0,concat,0.0204124002249258,2
43,schaefer400,none,0,edgewise,0.0421802229567469,2
43,schaefer400,none,2,concat,0.1467464252083638,2
43,schaefer400,none,2,edgewise,0.0944522509064565,2
43,schaefer400,gsr,0,concat,0.0187808895306541,2
43,schaefer400,gsr,0,edgewise,0.034497013403455,2
43,schaefer400,gsr,2,concat,-0.0167993714618198,2
43,schaefer400,gsr,2,edgewise,0.0261513331216685,2
44,schaefer200,none,0,concat,-0.0978087216370152,2
44,schaefer200,none,0,edgewise,-0.087628123812284,2
44,schaefer200,none,2,concat,0.0198280740191837,2
44,schaefer200,none,2,edgewise,-0.0132285842526727,2
44,schaefer200,gsr,0,concat,0.138547615473281,2
44,schaefer200,gsr,0,edgewise,0.0878724001470538,2
44,schaefer200,gsr,2,concat,0.1347460233478582,2
44,schaefer200,gsr,2,edgewise,0.0804510800303675,2
44,schaefer400,none,0,concat,-0.0744271262878029,2
44,schaefer400,none,0,edgewise,-0.0711099039200813,2
44,schaefer400,none,2,concat,0.0212503836535233,2
44,schaefer400,none,2,edgewise,-0.0174043825457914,2
44,schaefer400,gsr,0,concat,0.1125193544661513,2
44,schaefer400,gsr,0,edgewise,0.0667842121431203,2
44,schaefer400,gsr,2,concat,0.1081614356585994,2
44,schaefer400,gsr,2,edgewise,0.060130718438808,2
46,schaefer200,none,0,concat,0.0873972584083626,2
46,schaefer200,none,0,edgewise,0.0682565983817429,2
46,schaefer200,none,2,concat,-0.0673222021396633,2
46,schaefer200,none,2,edgewise,-0.0556397812833979,2
46,schaefer200,gsr,0,concat,0.0105031548031465,2
46,schaefer200,gsr,0,edgewise,0.021984972379565,2
46,schaefer200,gsr,2,concat,0.0034691151114387,2
46,schaefer200,gsr,2,edgewise,0.0217294808001093,2
46,schaefer400,none,0,concat,0.0835042911981528,2
46,schaefer400,none,0,edgewise,0.0646663858624303,2
46,schaefer400,none,2,concat,-0.042067412470661,2
46,schaefer400,none,2,edgewise,-0.025660478751647,2
46,schaefer400,gsr,0,concat,0.0078805310151683,2
46,schaefer400,gsr,0,edgewise,0.0211694184307416,2
46,schaefer400,gsr,2,concat,0.0050547933234808,2
46,schaefer400,gsr,2,edgewise,0.0284017521392574,2
47,schaefer200,none,0,concat,-0.0427747846931052,2
47,schaefer200,none,0,edgewise,-0.0458538918255515,2
47,schaefer200,none,2,concat,-0.0380961009040414,2
47,schaefer200,none,2,edgewise,-0.0357742499549453,2
47,schaefer200,gsr,0,concat,0.0113100707758503,2
47,schaefer200,gsr,0,edgewise,-0.039158916637412,2
47,schaefer200,gsr,2,concat,0.0837146954375896,2
47,schaefer200,gsr,2,edgewise,-0.0074250367697301,2
47,schaefer400,none,0,concat,-0.030712959268981,2
47,schaefer400,none,0,edgewise,-0.0382386028682872,2
47,schaefer400,none,2,concat,-0.0268472293141766,2
47,schaefer400,none,2,edgewise,-0.0348113508794987,2
47,schaefer400,gsr,0,concat,0.0085158305230445,2
47,schaefer400,gsr,0,edgewise,-0.0326359587720481,2
47,schaefer400,gsr,2,concat,0.0661894655770313,2
47,schaefer400,gsr,2,edgewise,-0.0111324853841954,2
48,schaefer200,none,0,concat,-0.1350594285871761,2
48,schaefer200,none,0,edgewise,-0.0612467116738486,2
48,schaefer200,none,2,concat,-0.0687061972470941,2
48,schaefer200,none,2,edgewise,-0.0278556286830726,2
48,schaefer200,gsr,0,concat,0.0018425830256441,2
48,schaefer200,gsr,0,edgewise,0.0072307294060374,2
48,schaefer200,gsr,2,concat,-0.0026037029477359,2
48,schaefer200,gsr,2,edgewise,-0.0065603781241037,2
48,schaefer400,none,0,concat,-0.0957316722639826,2
48,schaefer400,none,0,edgewise,-0.0424913845241763,2
48,schaefer400,none,2,concat,-0.046600200939973,2
48,schaefer400,none,2,edgewise,-0.0217612833478795,2
48,schaefer400,gsr,0,concat,-0.0009422340753916,2
48,schaefer400,gsr,0,edgewise,0.004870992003362,2
48,schaefer400,gsr,2,concat,-0.0036749412355477,2
48,schaefer400,gsr,2,edgewise,-0.0111688372017118,2
49,schaefer200,none,0,concat,-0.1548797913631255,2
49,schaefer200,none,0,edgewise,-0.0978260529365855,2
49,schaefer200,none,2,concat,-0.0258873006573359,2
49,schaefer200,none,2,edgewise,-0.0164739383944168,2
49,schaefer200,gsr,0,concat,0.0194760483248051,2
49,schaefer200,gsr,0,edgewise,-0.0163826085023328,2
49,schaefer200,gsr,2,concat,0.0347408745030568,2
49,schaefer200,gsr,2,edgewise,-0.0138239679914675,2
49,schaefer400,none,0,concat,-0.1379402462771858,2
49,schaefer400,none,0,edgewise,-0.0803852135812559,2
49,schaefer400,none,2,concat,-0.0241847903142267,2
49,schaefer400,none,2,edgewise,-0.0131332212098516,2
49,schaefer400,gsr,0,concat,0.0157807020320745,2
49,schaefer400,gsr,0,edgewise,-0.0185447276586763,2
49,schaefer400,gsr,2,concat,0.027810408506956,2
49,schaefer400,gsr,2,edgewise,-0.0158103991712397,2
50,schaefer200,none,0,concat,0.0415375556076646,2
50,schaefer200,none,0,edgewise,0.0092949443135985,2
50,schaefer200,none,2,concat,0.1022510610899531,2
50,schaefer200,none,2,edgewise,0.0077117397972115,2
50,schaefer200,gsr,0,concat,0.0018241463280197,2
50,schaefer200,gsr,0,edgewise,-0.0066242487027667,2
50,schaefer200,gsr,2,concat,0.0059371768984412,2
50,schaefer200,gsr,2,edgewise,-0.0014034224508487,2
50,schaefer400,none,0,concat,0.0319703746796894,2
50,schaefer400,none,0,edgewise,0.0027102597396051,2
50,schaefer400,none,2,concat,0.0833826828618966,2
50,schaefer400,none,2,edgewise,0.0019370005274825,2
50,schaefer400,gsr,0,concat,0.0018595067717919,2
50,schaefer400,gsr,0,edgewise,-0.0075711358507934,2
50,schaefer400,gsr,2,concat,0.0051641660964337,2
50,schaefer400,gsr,2,edgewise,-0.0008637526373498,2
52,schaefer200,none,0,concat,0.0628242380870046,2
52,schaefer200,none,0,edgewise,0.0251172020446055,2
52,schaefer200,none,2,concat,-0.2545208533956703,2
52,schaefer200,none,2,edgewise,-0.0955986041795247,2
52,schaefer200,gsr,0,concat,-0.0043104270616762,2
52,schaefer200,gsr,0,edgewise,-0.0163619857773265,2
52,schaefer200,gsr,2,concat,-0.0126384695027203,2
52,schaefer200,gsr,2,edgewise,-0.0131649034974307,2
52,schaefer400,none,0,concat,0.0553586918203984,2
52,schaefer400,none,0,edgewise,0.0175330379003275,2
52,schaefer400,none,2,concat,-0.2072615625386545,2
52,schaefer400,none,2,edgewise,-0.067559374025409,2
52,schaefer400,gsr,0,concat,-0.0064889949691597,2
52,schaefer400,gsr,0,edgewise,-0.0152496528832556,2
52,schaefer400,gsr,2,concat,-0.0106864669587587,2
52,schaefer400,gsr,2,edgewise,-0.0125166501430742,2
53,schaefer200,none,0,concat,0.481708239335035,2
53,schaefer200,none,0,edgewise,0.54753944574003,2
53,schaefer200,none,2,concat,-0.0192811898397526,2
53,schaefer200,none,2,edgewise,0.09913004208704,2
53,schaefer200,gsr,0,concat,0.0461199614525939,2
53,schaefer200,gsr,0,edgewise,0.4005006005169771,2
53,schaefer200,gsr,2,concat,0.0400919123168234,2
53,schaefer200,gsr,2,edgewise,0.2139261633409095,2
53,schaefer400,none,0,concat,0.4419527072650111,2
53,schaefer400,none,0,edgewise,0.4977970634507651,2
53,schaefer400,none,2,concat,-0.0435291293163062,2
53,schaefer400,none,2,edgewise,0.0763939773534219,2
53,schaefer400,gsr,0,concat,0.0283755168861316,2
53,schaefer400,gsr,0,edgewise,0.3194430910166368,2
53,schaefer400,gsr,2,concat,0.0230185475220736,2
53,schaefer400,gsr,2,edgewise,0.1607487019988263,2
55,schaefer200,none,0,concat,0.1121133974939246,2
55,schaefer200,none,0,edgewise,0.0884406741515777,2
55,schaefer200,none,2,concat,-0.4838156248905305,2
55,schaefer200,none,2,edgewise,-0.3202699733174377,2
55,schaefer200,gsr,0,concat,0.0038031194295927,2
55,schaefer200,gsr,0,edgewise,0.0081061870480996,2
55,schaefer200,gsr,2,concat,0.0001552396843068,2
55,schaefer200,gsr,2,edgewise,0.008631345908023,2
55,schaefer400,none,0,concat,0.0772490717806194,2
55,schaefer400,none,0,edgewise,0.0559148584429456,2
55,schaefer400,none,2,concat,-0.4387141064041877,2
55,schaefer400,none,2,edgewise,-0.2595311909916753,2
55,schaefer400,gsr,0,concat,0.0042687373279953,2
55,schaefer400,gsr,0,edgewise,0.0052990859158851,2
55,schaefer400,gsr,2,concat,0.0001338676862919,2
55,schaefer400,gsr,2,edgewise,0.0061289874427807,2
