lag,em,ztime,parc,gsr,blockset,n,mean_delta,d,t,p_t,p_perm,n_down
0,edgewise,run,schaefer400,gsr,common,44,-0.091472955096483,-0.8254486786594457,-5.475407101616052,2.1068024588572144e-06,0.0,36
0,edgewise,run,schaefer1000,gsr,common,44,-0.08251274576087765,-0.818082033610035,-5.426542306430803,2.478081812958201e-06,0.0,37
0,edgewise,run,schaefer600,gsr,common,44,-0.08575496470684657,-0.8139579626042688,-5.399186314160983,2.71358434708002e-06,0.0,36
0,edgewise,run,schaefer100,gsr,common,44,-0.11429157219101768,-0.8139084614958964,-5.3988579609546266,2.7165419332013716e-06,0.0,34
0,edgewise,run,schaefer200,gsr,common,44,-0.10141230262294122,-0.8134427436785143,-5.395768738437748,2.7445246938526325e-06,0.0,36
0,edgewise,run,schaefer800,gsr,common,44,-0.08414118375866915,-0.8080463403858072,-5.359973048559052,3.0903913304327417e-06,0.0,36
1,edgewise,run,schaefer400,gsr,all,44,-0.09239983417751722,-0.7740206047173002,-5.134271851702551,6.513508581132124e-06,0.0,37
1,edgewise,run,schaefer600,gsr,all,44,-0.08789066952203677,-0.7687862306929425,-5.099550942400197,7.301612619691726e-06,0.0,37
1,edgewise,run,schaefer1000,gsr,all,44,-0.08490730298619115,-0.7670250417108689,-5.087868536323305,7.587435162736722e-06,0.0,37
1,edgewise,run,schaefer100,gsr,all,44,-0.11153116561741262,-0.7643070302954791,-5.069839288241803,8.050394206136568e-06,0.0,34
1,edgewise,run,schaefer800,gsr,all,44,-0.08656970425944312,-0.7629750676611148,-5.061004047655883,8.287356911795009e-06,0.0,37
1,edgewise,run,schaefer200,gsr,all,44,-0.10066089028320198,-0.757077433971893,-5.021883571459667,9.422162059498263e-06,0.0,36
0,edgewise,run,schaefer100,gsr,all,44,-0.09828977739475496,-0.7069312048190146,-4.6892511179571095,2.7814625218901623e-05,0.0,32
2,edgewise,run,schaefer800,gsr,all,44,-0.07964312908284366,-0.6965909335724825,-4.620661518046614,3.469410007188269e-05,0.0,37
2,edgewise,run,schaefer1000,gsr,all,44,-0.07832016545497673,-0.6939498392373914,-4.6031424801557534,3.670391740804659e-05,0.0,36
2,edgewise,run,schaefer600,gsr,all,44,-0.08002423877486164,-0.6894413449720261,-4.573236512460382,4.040214817826885e-05,0.0,37
2,edgewise,run,schaefer400,gsr,all,44,-0.08351858585965947,-0.6887367981629201,-4.5685630776342885,4.101220530889513e-05,0.0,37
0,edgewise,cond,schaefer100,gsr,all,44,-0.03592230066648176,-0.6800758617828574,-4.511112925022674,4.9291792462038854e-05,0.0,34
0,edgewise,run,schaefer200,gsr,all,44,-0.08360722430540841,-0.6738854786436853,-4.470050568660322,5.6192981848839164e-05,0.0001,32
2,edgewise,run,schaefer200,gsr,all,44,-0.08938602333271718,-0.6660339167953154,-4.417969199321698,6.632004706248659e-05,0.0001,35
0,edgewise,run,schaefer400,gsr,all,44,-0.07303947308869736,-0.6592583424267652,-4.373025123482437,7.647952917820616e-05,0.0001,32
2,edgewise,run,schaefer100,gsr,all,44,-0.09793618416756816,-0.6552629027792223,-4.346522375115618,8.316817086691593e-05,0.0001,35
0,concat,run,schaefer100,gsr,common,44,-0.11016465813792133,-0.6470248614065632,-4.291877390634549,9.881374326992666e-05,0.0,32
0,edgewise,cond,schaefer100,gsr,common,44,-0.03540925261258975,-0.6452228670170007,-4.27992431210554,0.00010260125643701151,0.0,33
0,concat,run,schaefer100,gsr,all,44,-0.10863894765646206,-0.6442878740729913,-4.273722270551722,0.0001046219521366855,0.0,32
0,edgewise,run,schaefer600,gsr,all,44,-0.06720781256594148,-0.6388738059226373,-4.237809405263447,0.00011710935691348323,0.0001,32
0,within,run,schaefer100,gsr,all,44,-0.03520193864280066,-0.629584045551356,-4.176188106175742,0.00014200376849611985,0.0,33
0,edgewise,run,schaefer1000,gsr,all,44,-0.06307351904096865,-0.625628837204791,-4.149952222069265,0.00015410451625544946,0.0002,33
0,concat,run,schaefer200,gsr,common,44,-0.0868592743013049,-0.6223838924244717,-4.128427693465782,0.00016477693881385204,0.0,31
0,edgewise,run,schaefer800,gsr,all,44,-0.06487932704769643,-0.6219442421030056,-4.125511383155258,0.00016627715570152475,0.0003,33
0,concat,run,schaefer200,gsr,all,44,-0.08566233857638014,-0.6215908307919578,-4.123167117724432,0.0001674927298979711,0.0,30
0,concat,run,schaefer800,gsr,common,44,-0.058697178581662575,-0.6212641749809069,-4.121000328202742,0.0001686239656914185,0.0,31
0,concat,run,schaefer400,gsr,common,44,-0.07159388576961523,-0.618584458346979,-4.103225098964315,0.00017818899296293081,0.0,31
0,within,run,schaefer100,gsr,common,44,-0.03556918961850924,-0.6175026099679812,-4.096048928657936,0.00018219834398373557,0.0,33
0,concat,run,schaefer800,gsr,all,44,-0.05736063796206627,-0.6159003420527204,-4.0854206856808455,0.00018829803408760111,0.0,30
0,concat,run,schaefer400,gsr,all,44,-0.07029524455699056,-0.6150885575368908,-4.080035916381592,0.0001914637584719122,0.0,30
0,concat,run,schaefer1000,gsr,common,44,-0.0541264729596915,-0.6148260503886576,-4.07829464095064,0.00019249848864620107,0.0,30
0,concat,run,schaefer600,gsr,common,44,-0.0626037872625072,-0.6135750753092204,-4.069996611029484,0.0001975046390702983,0.0,31
0,concat,run,schaefer600,gsr,all,44,-0.06143953754448384,-0.6110182488365182,-4.053036542901482,0.0002081332526716838,0.0,30
0,concat,run,schaefer1000,gsr,all,44,-0.0528957763496456,-0.6106419491313453,-4.050540453039922,0.00020974370656431826,0.0,30
0,concat,cond,schaefer100,gsr,all,44,-0.08084628402501345,-0.6071192940798499,-4.027173802896601,0.00022541870759821748,0.0,32
0,concat,cond,schaefer100,gsr,common,44,-0.08110132950140017,-0.6060141707826896,-4.019843244249079,0.00023056655822023973,0.0,32
1,concat,run,schaefer100,gsr,all,44,-0.0990155025341739,-0.6054993971460813,-4.016428622239886,0.0002330032563802353,0.0,30
0,concat,cond,schaefer800,gsr,all,44,-0.04462289607599685,-0.59871143746495,-3.97140239153114,0.00026756820459048457,0.0,33
0,edgewise,cond,schaefer200,gsr,all,44,-0.02993013741361381,-0.5963219400233513,-3.955552258628545,0.00028088086746457414,0.0001,32
0,within,run,schaefer200,gsr,all,44,-0.027780813522511095,-0.5961657991873273,-3.954516537493457,0.00028177278134515276,0.0,33
0,within,run,schaefer400,gsr,all,44,-0.023240306900522402,-0.5952209579036255,-3.9482491694445043,0.00028722880343664105,0.0,32
0,concat,cond,schaefer800,gsr,common,44,-0.04505993874399051,-0.5949876052306411,-3.946701282924273,0.0002885919956853919,0.0,31
0,within,run,schaefer1000,gsr,all,44,-0.0179003035519701,-0.5947070087953032,-3.9448400167372193,0.0002902394799181829,0.0,32
0,within,run,schaefer800,gsr,all,44,-0.019278797073446024,-0.5920938141195277,-3.927506044249815,0.00030602666286811905,0.0,32
0,concat,cond,schaefer400,gsr,all,44,-0.05430974064643142,-0.5906906185313622,-3.9181982977029612,0.00031484392974170917,0.0,31
0,between,run,schaefer100,gsr,common,44,-0.08885671429707674,-0.5894178020961937,-3.909755388618058,0.0003230543910035641,0.0,33
0,concat,cond,schaefer200,gsr,all,44,-0.06481337446466316,-0.5889138455548036,-3.906412519101186,0.00032636220025748693,0.0,31
0,within,run,schaefer600,gsr,all,44,-0.02053857389568218,-0.5881528861350942,-3.9013648853494605,0.0003314191197418546,0.0,33
0,concat,cond,schaefer600,gsr,all,44,-0.04762183153862139,-0.5879092113431447,-3.899748529637931,0.0003330544246166304,0.0,31
0,concat,cond,schaefer400,gsr,common,44,-0.05468525380911329,-0.5877036278748855,-3.8983848431833,0.00033444017114176165,0.0,29
0,within,run,schaefer200,gsr,common,44,-0.02827423040591005,-0.5860545934575354,-3.887446386325835,0.00034575933260565304,0.0,32
0,concat,cond,schaefer1000,gsr,all,44,-0.04101320863388918,-0.585968078140604,-3.886872508636075,0.00034636330914001684,0.0,32
0,within,run,schaefer400,gsr,common,44,-0.023660263642282752,-0.5848123530181472,-3.879206295452121,0.00035453017688054876,0.0,31
0,concat,cond,schaefer200,gsr,common,44,-0.06485077262662654,-0.5836861831757929,-3.8717361298175152,0.00036266726523305167,0.0,30
0,within,run,schaefer1000,gsr,common,44,-0.01823609007450978,-0.583237718181954,-3.86876134958517,0.0003659576788184673,0.0001,30
0,concat,cond,schaefer600,gsr,common,44,-0.047909558581807364,-0.5823822732638257,-3.8630869699406745,0.0003723143876169094,0.0,30
0,concat,cond,schaefer1000,gsr,common,44,-0.04145784381393198,-0.5820436351420367,-3.860840698761305,0.0003748601611766834,0.0,30
0,between,run,schaefer100,gsr,all,44,-0.08653944093609002,-0.5817405274168828,-3.858830109570517,0.0003771531005796977,0.0001,32
0,within,run,schaefer800,gsr,common,44,-0.019647156450481842,-0.5812799194491682,-3.8557747819618027,0.00038066348000604305,0.0001,32
3,edgewise,run,schaefer1000,gsr,all,44,-0.06641321480361982,-0.5790110004333362,-3.840724475851368,0.00039842156385761965,0.0005,36
0,within,run,schaefer600,gsr,common,44,-0.020886567546824004,-0.5771563616092661,-3.828422193649235,0.00041352956590006324,0.0001,32
1,concat,cond,schaefer100,gsr,all,44,-0.07158045562530509,-0.5768841721311093,-3.8266166929073777,0.00041579290887838396,0.0003,30
1,concat,run,schaefer200,gsr,all,44,-0.07896315028575729,-0.5767400348466298,-3.8256605943255395,0.00041699629965669956,0.0,27
3,edgewise,run,schaefer800,gsr,all,44,-0.06688556878081385,-0.5754463105622496,-3.817078998258619,0.0004279492231455135,0.0005,36
0,between,cond,schaefer100,gsr,common,44,-0.07132295392799828,-0.5720104130011547,-3.794287832202121,0.00045840425849491263,0.0001,31
3,edgewise,run,schaefer600,gsr,all,44,-0.06773859865253457,-0.5700181784293932,-3.781072843064306,0.0004770104607130171,0.0006,36
1,concat,run,schaefer400,gsr,all,44,-0.06468034017095424,-0.5695537941939818,-3.777992466529475,0.00048145113086851956,0.0,29
3,edgewise,run,schaefer400,gsr,all,44,-0.07077669423593215,-0.567068442426933,-3.7615065079627796,0.0005059036302870376,0.0008,35
0,edgewise,cond,schaefer200,gsr,common,44,-0.02967690342385646,-0.5663137779270528,-3.7565006299853723,0.0005135626689846683,0.0005,30
0,edgewise,cond,schaefer400,gsr,all,44,-0.025666605548281464,-0.5649548538617412,-3.7474865474989256,0.0005276371776103836,0.0005,33
1,concat,run,schaefer800,gsr,all,44,-0.05293530861522238,-0.5645752483978084,-3.7449685297144577,0.0005316347816736051,0.0001,29
0,between,run,schaefer200,gsr,common,44,-0.07013519389960002,-0.5641139755057902,-3.7419087914968854,0.0005365317296252473,0.0,32
1,concat,run,schaefer600,gsr,all,44,-0.05645640365485572,-0.5611509501172849,-3.7222543045809466,0.0005690401193174515,0.0001,28
0,between,run,schaefer400,gsr,common,44,-0.05766292234652308,-0.5598166556684059,-3.7134035964873755,0.0005842913471033171,0.0001,30
0,between,cond,schaefer100,gsr,all,44,-0.06913861356432055,-0.5598075006487797,-3.7133428689572785,0.0005843973384504077,0.0002,32
0,between,run,schaefer200,gsr,all,44,-0.06848724213580054,-0.5588214731566645,-3.7068023025086365,0.0005959220350772483,0.0001,32
0,between,run,schaefer800,gsr,common,44,-0.047171300318898816,-0.5584919060748371,-3.7046162018012887,0.0005998225934419402,0.0001,33
1,within,run,schaefer100,gsr,all,44,-0.0344495198106712,-0.5581188532985396,-3.70214164962933,0.0006042674896243852,0.0002,27
1,concat,run,schaefer1000,gsr,all,44,-0.04857780167423153,-0.5560062785501154,-3.688128414065125,0.0006300432222662647,0.0001,29
0,between,run,schaefer600,gsr,common,44,-0.050164139015496524,-0.552761037775258,-3.6666019220559964,0.0006717112509871504,0.0001,31
0,between,run,schaefer400,gsr,all,44,-0.055951850283162206,-0.55079051692554,-3.6535309654558232,0.0006982925001176738,0.0002,31
1,concat,cond,schaefer400,gsr,all,44,-0.048274950242301266,-0.5491693233684743,-3.642777183973166,0.0007209171565928327,0.0003,28
3,edgewise,run,schaefer200,gsr,all,44,-0.0753961442813872,-0.5487687176622141,-3.640119866340085,0.0007266154755992639,0.0007,35
1,concat,cond,schaefer200,gsr,all,44,-0.0577679506744196,-0.5486606263525382,-3.6394028697054988,0.0007281603954969463,0.0003,29
0,between,run,schaefer1000,gsr,common,44,-0.043466338540371977,-0.5481535644659377,-3.6360394016588113,0.0007354499348971959,0.0001,32
1,concat,cond,schaefer800,gsr,all,44,-0.03962186005058151,-0.5462316097944563,-3.623290596640062,0.0007637219049341009,0.0006,29
0,between,run,schaefer800,gsr,all,44,-0.04544759702800503,-0.5461003073535109,-3.6224196347787148,0.0007656910028735444,0.0,32
0,between,cond,schaefer200,gsr,common,44,-0.05696281067003961,-0.5452765325819149,-3.6169553311204257,0.0007781566067117862,0.0003,33
3,edgewise,run,schaefer100,gsr,all,44,-0.08327317222595171,-0.5449607117105932,-3.6148604124581514,0.0007829872028746248,0.0008,35
0,between,run,schaefer600,gsr,all,44,-0.04863240846673277,-0.544360029581243,-3.610875937975498,0.0007922544537747395,0.0003,31
0,between,cond,schaefer400,gsr,common,44,-0.047508770717066606,-0.5437767472467763,-3.607006880674961,0.0008013540044878543,0.0002,33
0,between,cond,schaefer800,gsr,common,44,-0.038981550262848504,-0.5423609882218667,-3.5976157977165926,0.0008238599763263074,0.0003,33
1,edgewise,cond,schaefer100,gsr,all,44,-0.030207196469784935,-0.5390307762103271,-3.5755256702873695,0.0008792165149651424,0.0012,31
1,concat,cond,schaefer600,gsr,all,44,-0.04209763901513033,-0.5385579062431003,-3.572389005775531,0.0008873604317459003,0.0005,27
0,edgewise,cond,schaefer400,gsr,common,44,-0.025528472888415556,-0.5380327744186038,-3.5689056753208717,0.0008964892032988689,0.0009,31
0,between,run,schaefer1000,gsr,all,44,-0.04188247202372864,-0.5371173041544763,-3.562833132575195,0.0009126193065759183,0.0003,32
0,between,cond,schaefer200,gsr,all,44,-0.05542209311562067,-0.5366677773400668,-3.5598513090219948,0.0009206412491330445,0.0002,33
0,between,cond,schaefer600,gsr,common,44,-0.0412870151793385,-0.5348288085049282,-3.5476529697673715,0.0009541677400224972,0.0005,33
0,between,cond,schaefer400,gsr,all,44,-0.04590279369552637,-0.531859341970348,-3.5279557571219327,0.0010107875365607515,0.0002,32
1,within,run,schaefer200,gsr,all,44,-0.027802952361092804,-0.5317605265820162,-3.527300289988713,0.0010127259420597918,0.0002,27
1,concat,cond,schaefer1000,gsr,all,44,-0.03621532828925799,-0.530668664640395,-3.52005769722226,0.0010343827529894337,0.0005,27
0,between,cond,schaefer800,gsr,all,44,-0.03751497629509019,-0.5301021327110372,-3.5162997495393884,0.001045793820759648,0.0003,32
1,within,run,schaefer400,gsr,all,44,-0.02325181847521819,-0.5273870821474627,-3.4982901415269487,0.0011021735121612,0.0002,25
0,between,cond,schaefer1000,gsr,common,44,-0.03572782478723869,-0.5268034763672023,-3.494418938729736,0.0011146666251864474,0.0006,32
0,between,cond,schaefer600,gsr,all,44,-0.03990625118949198,-0.5249946164125611,-3.482420319194048,0.0011542549188525463,0.0004,32
2,within,run,schaefer100,gsr,all,44,-0.027418597608269923,-0.524321449006609,-3.4779550317807684,0.0011693282254252937,0.0011,27
1,within,run,schaefer800,gsr,all,44,-0.01937601138205471,-0.523309513535958,-3.471242611244366,0.0011923417185103217,0.0002,25
0,edgewise,cond,schaefer600,gsr,all,44,-0.022981684694793524,-0.5232847248019828,-3.471078181385119,0.0011929108627947097,0.0007,31
1,between,run,schaefer100,gsr,all,44,-0.07517864042577667,-0.5232743704787447,-3.471009498574841,0.001193148672836256,0.0007,31
1,within,run,schaefer600,gsr,all,44,-0.020563961696366078,-0.5214911616905226,-3.4591810296280467,0.0012347869750662646,0.0002,25
1,within,run,schaefer1000,gsr,all,44,-0.017819173599217756,-0.5212956227060219,-3.4578839707410953,0.0012394364270726511,0.0002,26
0,within,cond,schaefer400,gsr,all,44,-0.016925511336481933,-0.515554952414336,-3.4198046719357706,0.0013836329315990376,0.0009,29
0,between,cond,schaefer1000,gsr,all,44,-0.03434384833809422,-0.5155412773294666,-3.4197139616847947,0.0013839948185614588,0.0006,31
2,within,run,schaefer800,gsr,all,44,-0.01551696699555304,-0.5122624211543754,-3.3979644903361597,0.0014734202382194186,0.0012,26
0,within,cond,schaefer100,gsr,all,44,-0.023776269218473055,-0.5118889582152457,-3.3954872174517665,0.0014839485276142942,0.0009,30
0,within,cond,schaefer600,gsr,all,44,-0.01508986805089999,-0.5116686270123577,-3.3940257055925924,0.0014901934820090563,0.001,30
2,within,run,schaefer400,gsr,all,44,-0.018764138370825512,-0.5115671579509153,-3.3933526359833244,0.0014930778879824068,0.0011,27
2,within,run,schaefer200,gsr,all,44,-0.022474276678251318,-0.5107316837873594,-3.387810727338223,0.0015170306221572853,0.0014,28
2,within,run,schaefer1000,gsr,all,44,-0.014398683999244006,-0.5094792921715277,-3.3795033011776208,0.0015536233644709717,0.0012,26
0,within,cond,schaefer800,gsr,all,44,-0.01410103048377646,-0.5090062159791816,-3.376365268723097,0.0015676634832026556,0.0009,30
2,within,run,schaefer600,gsr,all,44,-0.016470292307763507,-0.5089150248992476,-3.3757603755303602,0.001570383744762597,0.0012,26
0,within,cond,schaefer1000,gsr,all,44,-0.013139347345722108,-0.5071986192177989,-3.3643750282635607,0.0016224313547280368,0.0009,29
1,between,cond,schaefer100,gsr,all,44,-0.05846231512747653,-0.504863377788723,-3.348884789033285,0.0016958874691308334,0.0008,31
0,within,cond,schaefer200,gsr,all,44,-0.019378500648997807,-0.4993809971636671,-3.3125187900508357,0.0018809745304392798,0.0011,30
1,between,run,schaefer200,gsr,all,44,-0.05945230936108364,-0.49837247021692443,-3.3058289791042195,0.0019170504098354319,0.0012,31
0,edgewise,cond,schaefer600,gsr,common,44,-0.02282599663107776,-0.49656823777155523,-3.2938610549924694,0.0019832353280204063,0.0013,31
2,concat,run,schaefer100,gsr,all,44,-0.07925330495705346,-0.4947853192289848,-3.2820345113175224,0.002050766419393607,0.001,25
2,concat,run,schaefer800,gsr,all,44,-0.04262423556210871,-0.4915049012377526,-3.260274680052625,0.002180759255110257,0.001,27
1,between,run,schaefer400,gsr,all,44,-0.04860135076652083,-0.4912216041148227,-3.258395499530734,0.0021923448583132045,0.0016,31
3,within,run,schaefer100,gsr,all,44,-0.02278259935544993,-0.4912030453272821,-3.258272394461062,0.002193105864810791,0.0018,28
2,concat,run,schaefer200,gsr,all,44,-0.06365621989820792,-0.49000139169493856,-3.2503015260081596,0.0022429166712270346,0.0011,24
1,between,run,schaefer800,gsr,all,44,-0.03980194627623162,-0.4873652674252656,-3.2328154558016498,0.0023559721506178177,0.0017,30
3,within,run,schaefer800,gsr,all,44,-0.012922354023356465,-0.48621298800171825,-3.225172098798543,0.002407067601805275,0.0021,31
3,within,run,schaefer200,gsr,all,44,-0.01867759633635294,-0.48583100177903066,-3.222638288847063,0.0024242364033175584,0.0018,27
3,within,run,schaefer1000,gsr,all,44,-0.012066243363048844,-0.4839026811163101,-3.2098472566195957,0.0025126918518025487,0.0023,31
2,concat,run,schaefer400,gsr,all,44,-0.05186345900266372,-0.4837530193887284,-3.208854513027866,0.0025196833772982465,0.0017,25
3,within,run,schaefer400,gsr,all,44,-0.01551416295386907,-0.48351752639449536,-3.2072924292226093,0.0025307218497454455,0.002,29
1,between,run,schaefer600,gsr,all,44,-0.042210879851721554,-0.4824486589292469,-3.2002023645569144,0.002581401639784923,0.0019,30
0,edgewise,cond,schaefer800,gsr,all,44,-0.02161876362112768,-0.48096868904487355,-3.1903853549419305,0.0026531608408045947,0.0018,30
2,concat,run,schaefer600,gsr,all,44,-0.04520095058186638,-0.4796146905870228,-3.1814039452391087,0.0027204611215651893,0.0017,26
3,within,run,schaefer600,gsr,all,44,-0.013610221072977907,-0.4791175053805862,-3.1781059916769774,0.0027455763481330294,0.0022,29
2,concat,run,schaefer1000,gsr,all,44,-0.03915732639893594,-0.477892128653708,-3.1699777620172003,0.002808415076609882,0.0017,26
1,between,cond,schaefer200,gsr,all,44,-0.04651478894420333,-0.47677886035864997,-3.162593175565788,0.0028666808343215644,0.0015,32
0,within,cond,schaefer400,gsr,common,44,-0.016350450472302217,-0.4757514880541682,-3.1557783586578503,0.002921462583618047,0.0021,29
1,between,run,schaefer1000,gsr,all,44,-0.036515663230064936,-0.47538801774730666,-3.15336736939726,0.002941079289994448,0.0021,29
0,within,cond,schaefer100,gsr,common,44,-0.022687183205144353,-0.4724667658018025,-3.133989976154594,0.0031033190033074947,0.0028,28
1,between,cond,schaefer400,gsr,all,44,-0.038571072207287976,-0.472302095167743,-3.1328976747402635,0.0031127113900925795,0.0016,30
0,within,cond,schaefer600,gsr,common,44,-0.014532541295116285,-0.47003056623783784,-3.1178300564183976,0.003245040681068158,0.0021,29
0,within,cond,schaefer800,gsr,common,44,-0.013625935457310152,-0.4683273327509805,-3.1065320836058485,0.00334772423896713,0.0025,29
1,between,cond,schaefer800,gsr,all,44,-0.03167936809864964,-0.4681543944272312,-3.1053849405423497,0.003358319781173543,0.0019,30
0,within,cond,schaefer1000,gsr,common,44,-0.012694092551341683,-0.4665965093544674,-3.0950511000366436,0.00345520263688046,0.0026,29
1,edgewise,cond,schaefer200,gsr,all,44,-0.026053967781983545,-0.4650808879466511,-3.0849976049687298,0.003551978694899521,0.0033,29
1,between,cond,schaefer600,gsr,all,44,-0.03339072470447828,-0.46117329496843906,-3.0590775654844164,0.003813389318741159,0.002,31
0,edgewise,cond,schaefer1000,gsr,all,44,-0.020084410973660535,-0.46058687827686007,-3.0551877172108783,0.0038541468338366696,0.0027,30
0,within,cond,schaefer200,gsr,common,44,-0.018624057439843713,-0.46032871659693436,-3.0534752663557554,0.0038722192824385423,0.0032,28
0,edgewise,cond,schaefer800,gsr,common,44,-0.021678729093303054,-0.45996332015204755,-3.051051500540917,0.0038979348445132146,0.0031,31
2,concat,cond,schaefer800,gsr,all,44,-0.030453548967642186,-0.4553004142914094,-3.0201212821959444,0.004240506429566352,0.0026,26
1,within,cond,schaefer100,gsr,all,44,-0.022411239867746333,-0.4545241572264268,-3.0149721753451253,0.004300210154242382,0.0033,26
1,within,cond,schaefer400,gsr,all,44,-0.016287069170042547,-0.4531482919266901,-3.005845717422532,0.004407973416541154,0.003,27
0,edgewise,cond,schaefer1000,none,all,44,-0.0304627003921876,-0.44983902960291816,-2.98389455450091,0.004677628582005041,0.0043,34
1,between,cond,schaefer1000,gsr,all,44,-0.028818092160823938,-0.44879692759703244,-2.9769820318073106,0.004765694710922774,0.0027,30
0,edgewise,cond,schaefer800,none,all,44,-0.0326689983764573,-0.4481908145823163,-2.9729615329065813,0.004817628023501368,0.0044,34
2,concat,cond,schaefer400,gsr,all,44,-0.036910586449007715,-0.4453962577599415,-2.954424540036291,0.005063999316646243,0.0032,23
1,within,cond,schaefer600,gsr,all,44,-0.014461154678677519,-0.44467649965447126,-2.9496502048849673,0.005129336558941084,0.0029,25
2,concat,cond,schaefer100,gsr,all,44,-0.05493528642330095,-0.4442554575414774,-2.9468573274654895,0.005167922014009784,0.0025,26
2,concat,cond,schaefer200,gsr,all,44,-0.04451048443885906,-0.4441033150670008,-2.945848128460459,0.005181931406834832,0.0026,25
1,within,cond,schaefer800,gsr,all,44,-0.013632659315181365,-0.44381849753072034,-2.9439588626573476,0.005208253133549325,0.0027,27
1,within,cond,schaefer200,gsr,all,44,-0.018629782039621554,-0.44359328091942885,-2.942464944664929,0.005229155228323907,0.004,28
2,concat,cond,schaefer600,gsr,all,44,-0.0321388685987254,-0.4410174590602178,-2.9253788753973318,0.0054738574141081795,0.0031,24
1,within,cond,schaefer1000,gsr,all,44,-0.0125362190581507,-0.43921091180530825,-2.913395596576169,0.005651816259330774,0.0035,27
2,concat,cond,schaefer1000,gsr,all,44,-0.027975698563928165,-0.4377317420853962,-2.9035838946517623,0.005801532147703626,0.0032,25
1,edgewise,cond,schaefer400,gsr,all,44,-0.022597617295660694,-0.43691127625027154,-2.898141539994934,0.0058861640022612564,0.0057,31
0,edgewise,cond,schaefer1000,gsr,common,44,-0.020073144685811103,-0.4358376677207028,-2.891020026666325,0.00599864762068549,0.0055,31
3,within,cond,schaefer400,gsr,all,44,-0.009787368017171977,-0.43334824764811825,-2.8745070820136402,0.006267224230880604,0.0066,28
0,edgewise,cond,schaefer600,none,all,44,-0.03471127825963621,-0.4309802135633119,-2.8587993209134894,0.006533063058184866,0.006,34
3,within,cond,schaefer1000,gsr,all,44,-0.00784507068957283,-0.4301486452972924,-2.8532833210615833,0.006628880001672681,0.0065,27
2,within,cond,schaefer400,gsr,all,44,-0.012250005979022944,-0.4284344044368487,-2.841912333592808,0.006830542274590711,0.007,27
3,within,cond,schaefer800,gsr,all,44,-0.008290777816960167,-0.42362244056075543,-2.8099933762293166,0.0074275036763430885,0.0073,27
0,within,cond,schaefer100,none,all,44,-0.026739915385335544,-0.4230679141046084,-2.8063150638465864,0.007499325929292979,0.0045,28
3,within,cond,schaefer600,gsr,all,44,-0.008632810437780835,-0.4214961814614546,-2.795889368950397,0.007706413798688212,0.0078,26
2,within,cond,schaefer600,gsr,all,44,-0.010757279672908253,-0.4204713985997973,-2.789091728462989,0.007844279988071436,0.0086,27
0,edgewise,cond,schaefer800,none,common,44,-0.0314384065197491,-0.4202555706267097,-2.787660087651,0.00787360576571449,0.0077,32
0,edgewise,cond,schaefer1000,none,common,44,-0.029268962087215092,-0.4196323546793951,-2.783526140729783,0.007958857067220325,0.0079,33
2,within,cond,schaefer1000,gsr,all,44,-0.009474441065988822,-0.41952764155584754,-2.7828315524469165,0.00797326471228991,0.0085,27
2,within,cond,schaefer800,gsr,all,44,-0.010131849039438708,-0.41765855051937406,-2.7704334051129185,0.00823453617116943,0.0086,26
0,edgewise,cond,schaefer400,none,all,44,-0.03905746265163884,-0.4171900671616471,-2.767325838076706,0.008301254660043033,0.0072,32
3,within,cond,schaefer200,gsr,all,44,-0.01114455957966748,-0.41185528682352973,-2.731938908635705,0.009097110366836714,0.0095,26
0,within,cond,schaefer800,none,all,44,-0.017377805426209883,-0.41142616417830097,-2.7290924310291675,0.009164099085905339,0.0068,29
1,edgewise,cond,schaefer600,gsr,all,44,-0.020507418404812267,-0.40644579544339166,-2.696056402206545,0.009975602034051671,0.0101,30
2,within,cond,schaefer200,gsr,all,44,-0.013916634689049051,-0.40556141187064465,-2.6901900652434336,0.010126451632482885,0.0117,25
3,concat,run,schaefer800,gsr,all,44,-0.03366149893744636,-0.4053986883721214,-2.6891106796650823,0.010154435364532059,0.0072,27
0,within,cond,schaefer400,none,all,44,-0.019506639428830772,-0.40479914526001715,-2.6851337605680987,0.010258155448364333,0.0072,29
3,concat,run,schaefer200,gsr,all,44,-0.05103351899641296,-0.40478117269865177,-2.6850145440829576,0.010261279689089246,0.0073,25
2,between,run,schaefer100,gsr,all,44,-0.05939695448971835,-0.4046669415981871,-2.684256820683696,0.010281157427391965,0.009,30
0,within,cond,schaefer600,none,all,44,-0.017716653826195892,-0.4046521750914242,-2.684158870758903,0.010283729584281085,0.0081,29
0,edgewise,cond,schaefer600,none,common,44,-0.033304683004484324,-0.4046125056675862,-2.6838957335698623,0.010290642480453523,0.0096,31
3,concat,run,schaefer400,gsr,all,44,-0.04142223986373156,-0.3988150523383805,-2.645439778704718,0.01134818550969132,0.0087,26
2,within,cond,schaefer100,gsr,all,44,-0.016307083107188466,-0.3983054461736647,-2.6420594338262893,0.01144576683731849,0.0131,25
2,between,run,schaefer200,gsr,all,44,-0.04722869707698341,-0.3979403015892963,-2.639637338665129,0.011516159475959905,0.0094,28
0,edgewise,cond,schaefer200,none,all,44,-0.045752311010375184,-0.3972319363457375,-2.6349385752103025,0.011653853342804147,0.0098,31
3,concat,run,schaefer1000,gsr,all,44,-0.03131836240071681,-0.3960976020857253,-2.6274142529556905,0.01187749960093504,0.0084,27
3,concat,run,schaefer600,gsr,all,44,-0.0359569795401334,-0.39543633427919983,-2.6230278985553177,0.012009686265697136,0.0089,26
0,within,cond,schaefer1000,none,all,44,-0.01587676755474269,-0.3953624764043015,-2.6225379808376164,0.01202453386109233,0.0096,28
3,concat,run,schaefer100,gsr,all,44,-0.06348608028664698,-0.39516102198370245,-2.621201683386645,0.012065117747089673,0.0088,25
0,edgewise,cond,schaefer400,none,common,44,-0.03766956005493014,-0.39465130419274286,-2.617820598063482,0.012168364427043991,0.0117,31
2,between,run,schaefer800,gsr,all,44,-0.0316655523906708,-0.39321695204706825,-2.608306182294594,0.012463265182428384,0.01,29
2,between,run,schaefer400,gsr,all,44,-0.038416843784583314,-0.38871746659211676,-2.578459972287123,0.013431358954175382,0.0106,27
0,edgewise,cond,schaefer100,none,all,44,-0.05661665780736773,-0.3877210905440123,-2.5718507612838035,0.013654832516874044,0.0108,32
3,within,cond,schaefer100,gsr,all,44,-0.012738105132739208,-0.3872190880111596,-2.5685208531932426,0.013768707891316349,0.0141,26
1,edgewise,cond,schaefer800,gsr,all,44,-0.019724780754955536,-0.38580187821133516,-2.559120146882778,0.014094890491798665,0.0136,30
0,within,cond,schaefer100,none,common,44,-0.024774883662226518,-0.38538163648740786,-2.55633257864374,0.01419296059448542,0.0088,29
2,between,run,schaefer600,gsr,all,44,-0.03342458151232499,-0.3846031710231814,-2.551168822929562,0.014376275711086428,0.0117,29
2,between,run,schaefer1000,gsr,all,44,-0.02901535622029905,-0.38063106312318506,-2.524820839867373,0.015345723415614779,0.0124,29
0,edgewise,cond,schaefer200,none,common,44,-0.044349724967928196,-0.3784258972242585,-2.510193424092921,0.015909286545273644,0.0149,30
0,within,cond,schaefer200,none,all,44,-0.020480103370759752,-0.3780242214721034,-2.5075290085783566,0.01601394636301167,0.0114,27
2,between,cond,schaefer100,gsr,all,44,-0.04548445575616402,-0.3769868156396448,-2.5006476367751733,0.016287155256883228,0.0143,31
0,edgewise,cond,schaefer100,none,common,44,-0.05502563104402707,-0.37202021356165654,-2.4677029256238003,0.01765478137957102,0.0151,30
2,between,cond,schaefer200,gsr,all,44,-0.03631926715575713,-0.3685985599053892,-2.4450062429430273,0.01865672753953741,0.0159,30
0,within,cond,schaefer800,none,common,44,-0.015932930298300497,-0.36815665730066477,-2.4420749926755243,0.018789815511476744,0.0166,28
2,between,cond,schaefer800,gsr,all,44,-0.024734077286766933,-0.36460763627262643,-2.418533450429355,0.01989022982338012,0.0171,31
0,within,cond,schaefer400,none,common,44,-0.017971405333885308,-0.36448248775027803,-2.4177033090459608,0.019930075549818002,0.0162,28
0,within,cond,schaefer600,none,common,44,-0.016219850391717458,-0.36265490276266166,-2.4055804816931414,0.020520228472082944,0.0175,29
1,edgewise,cond,schaefer1000,gsr,all,44,-0.018286065418584775,-0.3616184412321099,-2.398705373680186,0.020861882649114784,0.0208,30
2,between,cond,schaefer400,gsr,all,44,-0.029847979439790225,-0.3595220677502747,-2.384799605160789,0.021568649169613586,0.0188,28
2,between,cond,schaefer600,gsr,all,44,-0.025926293839286515,-0.3551813851609396,-2.356006774195084,0.02310103775758434,0.0193,30
0,within,cond,schaefer1000,none,common,44,-0.014500885613066112,-0.35341814972242735,-2.3443107934618777,0.023750974114198676,0.021,28
3,concat,cond,schaefer800,gsr,all,44,-0.023743018127675666,-0.3517201567916953,-2.3330475825660497,0.024392331532396574,0.0203,24
0,concat,cond,schaefer100,none,all,44,-0.08277529447918602,-0.35132660877792865,-2.330437080368742,0.0245431804731902,0.0211,27
3,concat,cond,schaefer400,gsr,all,44,-0.029114564848975975,-0.347061645979042,-2.30214651767128,0.026232414134787718,0.0215,24
2,between,cond,schaefer1000,gsr,all,44,-0.0224566763585532,-0.3467452753223598,-2.300047952145494,0.02636177021015552,0.0224,29
3,concat,cond,schaefer1000,gsr,all,44,-0.022293371050240512,-0.3461482291789085,-2.29608759606478,0.02660744246965287,0.0217,23
3,concat,cond,schaefer200,gsr,all,44,-0.03520977781363172,-0.34588010439930755,-2.2943090574829146,0.02671843479505683,0.0212,24
0,concat,cond,schaefer100,none,common,44,-0.08393364440713201,-0.3457674912723629,-2.2935620665058263,0.026765175150654043,0.0246,27
3,concat,cond,schaefer600,gsr,all,44,-0.025305590598813817,-0.3443334294320423,-2.2840495764048065,0.027366808473168348,0.023,24
0,within,cond,schaefer200,none,common,44,-0.018711971445586208,-0.3384269687424157,-2.2448705485118556,0.029973957954242247,0.0247,29
3,concat,cond,schaefer100,gsr,all,44,-0.04328964716719988,-0.3323989820646708,-2.204885408409174,0.03286033910899644,0.0282,25
3,between,run,schaefer200,gsr,all,44,-0.03816316379606968,-0.33012215724558497,-2.189782661132621,0.034013067458615764,0.0283,27
3,between,run,schaefer100,gsr,all,44,-0.047856980825505054,-0.3269334303491094,-2.1686310397835733,0.035687582327162584,0.0308,27
0,within,run,schaefer800,none,common,44,-0.018806049549117635,-0.32599115375726095,-2.162380683975781,0.03619614486311834,0.0368,28
2,edgewise,cond,schaefer100,gsr,all,44,-0.020739460199719315,-0.32481122067028856,-2.1545538933213546,0.03684198358422469,0.0321,30
0,within,run,schaefer1000,none,common,44,-0.017517422726838303,-0.32327125913787613,-2.144338944132169,0.03770015280581804,0.0384,27
3,between,run,schaefer800,gsr,all,44,-0.024904936390219876,-0.32281593627292643,-2.1413186739291534,0.037957238429481524,0.0319,27
0,within,run,schaefer100,none,common,44,-0.03028027009057931,-0.32149839038301914,-2.1325790632073587,0.03870986810121346,0.0396,28
3,between,run,schaefer400,gsr,all,44,-0.03081160887175223,-0.32046720668378786,-2.125738964366797,0.039308042027751615,0.0335,26
3,between,run,schaefer600,gsr,all,44,-0.026637619761869933,-0.3174535013184284,-2.1057483045156404,0.041103046289764016,0.0359,26
0,concat,cond,schaefer200,none,all,44,-0.06586742312372501,-0.3170925169907014,-2.103353805375102,0.04132280283846076,0.0379,27
0,edgewise,run,schaefer1000,none,common,44,-0.05991398681181119,-0.31443962514089385,-2.085756511624695,0.042969633433984036,0.0432,32
3,between,run,schaefer1000,gsr,all,44,-0.02307718437481073,-0.31407225525497967,-2.083319655482989,0.043202153562101386,0.0375,27
1,edgewise,run,schaefer1000,none,all,44,-0.051930425650162086,-0.3115567948558982,-2.0666339788454873,0.0448240318744143,0.043,30
0,within,run,schaefer600,none,common,44,-0.01899157593165723,-0.3110861200102378,-2.063511875122859,0.04513334076133848,0.0458,27
0,concat,cond,schaefer200,none,common,44,-0.06652773726195338,-0.3110079858851175,-2.0629935919701663,0.04518486727984852,0.0422,27
0,concat,cond,schaefer400,none,all,44,-0.058638262611600725,-0.31092829426366225,-2.0624649775555617,0.045237473776234466,0.0422,27
0,within,run,schaefer400,none,common,44,-0.021116660317434387,-0.30741932822643114,-2.03918913006037,0.047607420879041074,0.0496,27
3,between,cond,schaefer200,gsr,all,44,-0.029858834954068672,-0.30536321654163817,-2.0255504280893226,0.049045733909373425,0.0436,30
1,edgewise,cond,schaefer800,none,all,44,-0.020772068515173322,-0.3053011548637529,-2.0251387574905118,0.049089728708798165,0.0514,33
3,between,cond,schaefer100,gsr,all,44,-0.03742008265928804,-0.3044511763799703,-2.019500638069348,0.04969572684551683,0.0436,29
0,concat,cond,schaefer400,none,common,44,-0.05895440838745569,-0.3041345175730844,-2.0174001611713432,0.04992314565671314,0.0486,27
2,edgewise,cond,schaefer200,gsr,all,44,-0.01818460322077183,-0.30187685568107486,-2.0024245263727845,0.0515708836543629,0.0464,30
0,within,run,schaefer800,none,all,44,-0.01694759715578492,-0.3003213721315056,-1.9921066157698017,0.052733369575301246,0.0514,28
0,concat,cond,schaefer600,none,all,44,-0.051593367463211616,-0.2983644259214292,-1.9791257031423386,0.054228031986251084,0.0505,28
0,within,run,schaefer100,none,all,44,-0.02728585674285514,-0.29806388433260006,-1.9771321357742517,0.05446078919110168,0.0533,28
1,edgewise,cond,schaefer1000,none,all,44,-0.019276308316087686,-0.2979445089428272,-1.9763402890200936,0.05455347965084069,0.0573,33
0,edgewise,run,schaefer800,none,common,44,-0.06036332356247725,-0.2974990385392601,-1.9733853726524129,0.0549005739389506,0.0567,32
2,edgewise,cond,schaefer400,gsr,all,44,-0.016258590975006093,-0.2973328660146932,-1.9722831088235042,0.05503053673595394,0.0502,30
3,between,cond,schaefer800,gsr,all,44,-0.019694388282224643,-0.29730527603037094,-1.9721000975715666,0.055052140419443646,0.0503,28
0,concat,cond,schaefer800,none,all,44,-0.04875931931605375,-0.296611324909686,-1.9674969465912495,0.05559793429694793,0.0528,27
0,within,run,schaefer1000,none,all,44,-0.015749807540623745,-0.2964906071561442,-1.966696195603184,0.055693354017779965,0.0549,27
3,between,cond,schaefer400,gsr,all,44,-0.02429978671734988,-0.29611021309975183,-1.9641729468881144,0.05599495547744405,0.0504,29
1,edgewise,cond,schaefer600,none,all,44,-0.021625151967717037,-0.29474756103302235,-1.9551341356378265,0.05708693789457753,0.0589,31
1,edgewise,run,schaefer800,none,all,44,-0.05176215276943723,-0.2939870155478696,-1.9500892476173253,0.05770434897572379,0.0601,31
3,between,cond,schaefer600,gsr,all,44,-0.02103676572844733,-0.29333919872950603,-1.945792116978538,0.058234769652360914,0.0517,30
0,concat,cond,schaefer600,none,common,44,-0.05161733321482839,-0.29053216442742524,-1.9271723578712197,0.06058182438726674,0.0593,28
0,within,run,schaefer200,none,common,44,-0.02294776099311109,-0.2904411037945978,-1.9265683299666978,0.06065930313007433,0.0635,28
1,within,run,schaefer100,none,all,44,-0.025414278114684562,-0.2893769923247267,-1.9195098130053456,0.0615710171941356,0.0603,29
1,within,cond,schaefer100,none,all,44,-0.019440849513806365,-0.28830222549502116,-1.9123806163828394,0.06250375456722065,0.0551,27
1,edgewise,cond,schaefer400,none,all,44,-0.024068722461332726,-0.28801685776319336,-1.9104877009953443,0.06275343421141802,0.0639,30
0,concat,cond,schaefer800,none,common,44,-0.04863698320127141,-0.2879740662660739,-1.9102038543150188,0.0627909477038322,0.0617,28
1,within,run,schaefer800,none,all,44,-0.015674031884215275,-0.2875613122645919,-1.9074659540077517,0.06315377800664222,0.0617,28
3,between,cond,schaefer1000,gsr,all,44,-0.01817731610587548,-0.2863692739193108,-1.8995588661537244,0.06421172096514308,0.0582,28
1,within,run,schaefer1000,none,all,44,-0.014665405561503413,-0.2852093173506343,-1.8918645847309086,0.06525569309065701,0.0625,28
0,within,run,schaefer600,none,all,44,-0.01700457089184628,-0.28519224936599746,-1.8917513685289724,0.06527116198353648,0.0636,27
1,edgewise,cond,schaefer200,none,all,44,-0.028022051834167595,-0.282394902365874,-1.873195867713301,0.06784907013078459,0.0674,27
2,edgewise,cond,schaefer600,gsr,all,44,-0.0148153735652224,-0.282063177183518,-1.8709954517865266,0.06816044748924739,0.0629,29
0,edgewise,run,schaefer600,none,common,44,-0.061259208802665846,-0.2816639870959405,-1.8683475243054792,0.06853676306790074,0.0728,31
0,within,run,schaefer400,none,all,44,-0.01882028377818631,-0.28098340784911646,-1.8638330723018435,0.06918241918678925,0.0687,28
0,concat,cond,schaefer1000,none,all,44,-0.04424740998680434,-0.28081919430499014,-1.8627438028791203,0.06933897846969739,0.0678,27
2,edgewise,cond,schaefer800,gsr,all,44,-0.014525041499282925,-0.27869423542519034,-1.8486484202806608,0.07139219850540147,0.065,29
2,edgewise,run,schaefer1000,none,all,44,-0.041340887597481286,-0.27469920988552354,-1.822148418794737,0.07539210503322766,0.0715,28
1,edgewise,cond,schaefer100,none,all,44,-0.03369741768730515,-0.2740577013170795,-1.8178931323520833,0.07605172672384708,0.0766,27
0,concat,cond,schaefer1000,none,common,44,-0.044149338719259065,-0.2730302995971345,-1.8110781203240363,0.07711828625100382,0.0774,28
1,within,run,schaefer600,none,all,44,-0.015698411640474485,-0.27281703407858304,-1.8096634769125248,0.07734125434445738,0.0733,28
1,edgewise,run,schaefer600,none,all,44,-0.0512547002448402,-0.2727052450111826,-1.8089219521280628,0.07745834630031193,0.0823,31
1,within,run,schaefer400,none,all,44,-0.01739672352039292,-0.2712683299202825,-1.7993905357038327,0.07897677845564156,0.0742,28
0,edgewise,run,schaefer400,none,common,44,-0.06541898866924288,-0.2684020782658971,-1.7803779731191693,0.08208055174085893,0.0869,31
1,concat,cond,schaefer100,none,all,44,-0.0530262238567698,-0.2675330254137926,-1.7746133286523313,0.08304161704690362,0.0826,26
1,within,cond,schaefer800,none,all,44,-0.011931692679794326,-0.26351568551451376,-1.7479653104498674,0.0876077448848365,0.0814,26
1,within,cond,schaefer400,none,all,44,-0.01350422718174205,-0.26290490367326114,-1.7439138420574727,0.08831999758566915,0.0807,27
0,within,run,schaefer200,none,all,44,-0.020232976085850594,-0.26278919886509244,-1.7431463431872014,0.08845546770624053,0.0903,28
2,edgewise,cond,schaefer1000,gsr,all,44,-0.013572865852487482,-0.2600874655783902,-1.7252250719959912,0.09166832989697878,0.0873,29
1,within,run,schaefer200,none,all,44,-0.01913285740616457,-0.25975807956726144,-1.7230401723757793,0.09206658983359647,0.0862,29
1,within,cond,schaefer600,none,all,44,-0.012058347891660215,-0.2581212527889143,-1.7121826918346121,0.09406706766008367,0.0875,27
2,edgewise,run,schaefer800,none,all,44,-0.040134331284364895,-0.255873536788245,-1.6972730306156154,0.09687281354043624,0.0969,28
1,within,cond,schaefer1000,none,all,44,-0.01085789707080804,-0.2537428053377311,-1.6831393571148867,0.09959614875637385,0.0933,27
0,edgewise,run,schaefer200,none,common,44,-0.07241792771264262,-0.25351168885851494,-1.681606303826031,0.09989530835088109,0.1066,31
1,edgewise,run,schaefer400,none,all,44,-0.0527191694650698,-0.2528624512503034,-1.67729974873358,0.10073965889683013,0.1052,31
0,edgewise,run,schaefer100,none,common,44,-0.08389538629801717,-0.24885957112632223,-1.6507476458295463,0.10607639905663338,0.1149,30
1,within,cond,schaefer200,none,all,44,-0.014095110265827831,-0.24575531604262107,-1.6301563470971663,0.11037300789090913,0.1048,27
1,concat,cond,schaefer200,none,all,44,-0.041393349609957795,-0.23578443913480862,-1.5640170320291003,0.1251441212337252,0.127,26
2,within,run,schaefer800,none,all,44,-0.012883989635761236,-0.23245515680565912,-1.5419330714152015,0.13041779539370704,0.1242,29
0,edgewise,run,schaefer1000,none,all,44,-0.042155354821428515,-0.23236270259042638,-1.541319799530774,0.13056675514169772,0.1411,31
1,edgewise,run,schaefer200,none,all,44,-0.05604687455760944,-0.2312304477197427,-1.5338092703845536,0.13240211695917453,0.1408,28
0,between,cond,schaefer100,none,common,44,-0.06113352010392064,-0.2311258904671555,-1.5331157160326694,0.13257264032875515,0.1392,27
0,concat,run,schaefer100,none,common,44,-0.0887192427187988,-0.230502358310781,-1.5289796716178385,0.13359322294900491,0.1425,27
2,within,run,schaefer1000,none,all,44,-0.012017325019382767,-0.22871435420347216,-1.517119394122723,0.13655470567720412,0.1306,28
3,edgewise,run,schaefer1000,none,all,44,-0.03508003936443079,-0.2275886890236652,-1.5096525760407478,0.13844589947811567,0.1388,32
2,edgewise,run,schaefer600,none,all,44,-0.03796379011357288,-0.2270740612096479,-1.5062389213091953,0.1393174391593938,0.1411,28
1,concat,cond,schaefer400,none,all,44,-0.03595955189690832,-0.22612696366548904,-1.4999565869215115,0.14093280304813466,0.1424,26
2,within,run,schaefer100,none,all,44,-0.019868603408484144,-0.22477570710354008,-1.4909933648985307,0.14326325914637586,0.1349,28
0,edgewise,run,schaefer800,none,all,44,-0.04281538976449398,-0.22108614562991988,-1.4665195828006328,0.14978250298779516,0.1606,31
0,between,cond,schaefer100,none,all,44,-0.056794055169294234,-0.21953761116146164,-1.456247767187016,0.15258754238324157,0.1588,27
0,concat,run,schaefer100,none,all,44,-0.08091509988535962,-0.21768335690191512,-1.4439480358973478,0.15600062140954132,0.1633,27
1,edgewise,run,schaefer100,none,all,44,-0.06134502731006383,-0.21551162951695238,-1.4295424261316256,0.16007397948520724,0.169,27
0,edgewise,run,schaefer600,none,all,44,-0.04448455036535161,-0.2141390517832944,-1.4204377754553459,0.16269105797013403,0.1747,31
2,within,run,schaefer400,none,all,44,-0.013862577132991771,-0.21402503946032805,-1.4196815032618335,0.16290993832896908,0.1563,28
0,edgewise,run,schaefer100,none,all,44,-0.06926732642614193,-0.21315308011239942,-1.413897579282789,0.1645915316981905,0.1767,29
2,within,run,schaefer600,none,all,44,-0.01249913066979954,-0.21311873047294494,-1.41366972955128,0.1646580517689516,0.1576,28
1,concat,cond,schaefer600,none,all,44,-0.03083841563983396,-0.21140908865789013,-1.402329248698402,0.16799542020560404,0.1695,25
0,edgewise,run,schaefer400,none,all,44,-0.04879689950298097,-0.20893849027162076,-1.385941152988576,0.17291082107043573,0.1863,31
0,concat,run,schaefer200,none,common,44,-0.06918650363091156,-0.20875875427205465,-1.3847489192448152,0.1732727160524227,0.1816,27
0,between,cond,schaefer200,none,common,44,-0.04899499322521761,-0.20844408046437762,-1.382661609341981,0.1739077164379439,0.1819,27
1,concat,cond,schaefer800,none,all,44,-0.02888050121675113,-0.20649661011715392,-1.3697435524778128,0.17787773752791267,0.18,26
2,within,run,schaefer200,none,all,44,-0.01536033842341347,-0.20601566379855915,-1.3665533155116496,0.1788688460881294,0.1724,27
0,concat,run,schaefer400,none,common,44,-0.05989659981084038,-0.20556433914382838,-1.3635595664348923,0.1798027738736478,0.1872,26
0,edgewise,run,schaefer200,none,all,44,-0.05630362449310264,-0.2052969887810806,-1.3617861647532927,0.18035776966264716,0.1944,30
3,edgewise,run,schaefer800,none,all,44,-0.032780253393286614,-0.2048239720153751,-1.3586485264905075,0.18134293652070282,0.1885,31
2,within,cond,schaefer100,none,all,44,-0.01328562017681869,-0.20359595811311307,-1.3505028037882207,0.18391985549722167,0.186,27
3,edgewise,cond,schaefer100,gsr,all,44,-0.014183451799130092,-0.2020501697525066,-1.3402492037933602,0.18720339881213743,0.1882,28
2,edgewise,run,schaefer400,none,all,44,-0.036941515465938726,-0.20066699805554797,-1.3310742807144584,0.19017933271963272,0.1923,28
0,between,cond,schaefer400,none,common,44,-0.04214952982275197,-0.19930003635833343,-1.3220068826095623,0.19315569244374517,0.2033,27
0,concat,run,schaefer800,none,common,44,-0.04900112456954581,-0.19883035123504395,-1.3188913439624363,0.19418649934803583,0.2028,26
0,between,cond,schaefer200,none,all,44,-0.04554037405842774,-0.1983596803412508,-1.31576926645353,0.19522365691547902,0.201,27
0,concat,run,schaefer600,none,common,44,-0.05196542266822835,-0.1979692956641246,-1.313179747457667,0.1960870836316626,0.2043,26
0,concat,run,schaefer200,none,all,44,-0.06243670141615554,-0.19525906170111496,-1.295202089158905,0.20216140721956755,0.2133,27
0,concat,run,schaefer400,none,all,44,-0.054235450119087064,-0.19286253851860086,-1.2793053527633296,0.20764995927667385,0.2159,27
3,edgewise,cond,schaefer200,gsr,all,44,-0.012385848851949616,-0.19205123810696412,-1.2739237946480098,0.20953314372666673,0.2094,29
0,concat,run,schaefer1000,none,common,44,-0.044847437261951235,-0.1917516278711839,-1.271936405177144,0.21023182444333716,0.2187,26
1,concat,cond,schaefer1000,none,all,44,-0.02541380421003175,-0.19107441735019542,-1.2674442987727441,0.21181748430231387,0.2103,25
0,between,cond,schaefer400,none,all,44,-0.0393511723920179,-0.19016792294992296,-1.2614312951722202,0.21395398372209684,0.2205,27
3,edgewise,cond,schaefer400,gsr,all,44,-0.010896436779772483,-0.18989941097601895,-1.2596501882339055,0.2145899135513887,0.2156,28
0,concat,run,schaefer800,none,all,44,-0.04438924415795851,-0.18677700344337117,-1.2389384797771614,0.2220886840575207,0.234,28
0,concat,run,schaefer600,none,all,44,-0.047091989042903175,-0.18597980338832623,-1.233650452846292,0.22403401795241695,0.2359,27
0,between,cond,schaefer600,none,common,44,-0.03608783001804691,-0.1856635074713807,-1.2315523830878323,0.22480933043152054,0.2335,27
2,within,cond,schaefer800,none,all,44,-0.00813554485927734,-0.18523027658628305,-1.2286786545009074,0.22587449475080026,0.2312,28
0,between,cond,schaefer800,none,common,44,-0.03362297272010982,-0.18290457683657713,-1.2132517076113114,0.23165636523386937,0.2409,27
3,edgewise,run,schaefer600,none,all,44,-0.030713609381256893,-0.18099743808545238,-1.2006011802900558,0.23647827055227838,0.2414,30
2,within,cond,schaefer400,none,all,44,-0.009029051647269038,-0.1802276614937079,-1.1954950600356258,0.23844520503728622,0.246,27
0,concat,run,schaefer1000,none,all,44,-0.0404404554831334,-0.17925667746190999,-1.1890542806138256,0.24094327863663825,0.2555,27
1,concat,run,schaefer100,none,all,44,-0.056550222493564714,-0.1777554388471,-1.1790961902015902,0.24484301409574807,0.2511,25
0,between,cond,schaefer600,none,all,44,-0.03377601295920767,-0.1774568537899002,-1.1771156009961132,0.2456240794859108,0.2542,27
3,within,run,schaefer800,none,all,44,-0.011272754303195583,-0.1765286758520933,-1.1709587650793305,0.24806363681221494,0.2491,24
3,within,run,schaefer1000,none,all,44,-0.010690135196421879,-0.17650488950734936,-1.1708009843180311,0.24812638501730377,0.2477,24
0,between,cond,schaefer800,none,all,44,-0.03155170650378933,-0.17497720790009547,-1.1606674909372547,0.2521805047112655,0.261,27
3,edgewise,cond,schaefer600,gsr,all,44,-0.009475218069570558,-0.17496708474941403,-1.1606003415522415,0.25220752777954314,0.2612,29
2,within,cond,schaefer1000,none,all,44,-0.0073370956614020955,-0.1747152280031332,-1.158929712895575,0.25288051521255556,0.2569,27
2,within,cond,schaefer600,none,all,44,-0.007907280436807105,-0.17173627243032932,-1.1391695570913176,0.26093897136646244,0.2655,26
0,between,cond,schaefer1000,none,common,44,-0.030098507334488933,-0.17073954494573712,-1.1325580149220635,0.2636758729164064,0.2766,27
2,edgewise,run,schaefer200,none,all,44,-0.03588193929933811,-0.16933311518766092,-1.1232288153190053,0.2675725474376565,0.2733,26
1,between,cond,schaefer100,none,all,44,-0.03813014360966937,-0.1666403766593248,-1.105367208604956,0.2751470203988076,0.2838,26
2,within,cond,schaefer200,none,all,44,-0.009401908106741559,-0.16606442069917204,-1.1015467489737647,0.2767866268681072,0.2843,25
0,between,run,schaefer100,none,common,44,-0.06272425617624008,-0.1644385749118703,-1.090762108086845,0.2814521634846421,0.3002,27
3,edgewise,cond,schaefer800,gsr,all,44,-0.008765291542194725,-0.16366787301738947,-1.085649850068427,0.2836829703903432,0.2966,30
0,between,cond,schaefer1000,none,all,44,-0.028090126154494074,-0.16241704735527845,-1.0773528112696868,0.28732982722815453,0.3027,27
1,concat,run,schaefer200,none,all,44,-0.04349854387428656,-0.1587885079010269,-1.05328380345618,0.2980938235413079,0.3033,26
3,within,run,schaefer600,none,all,44,-0.010757701985901053,-0.15835699654798524,-1.0504214809545447,0.2993922153783469,0.3019,24
3,edgewise,cond,schaefer1000,gsr,all,44,-0.008461530005900119,-0.1581152741889869,-1.0488180762180705,0.3001212478533663,0.3177,31
3,within,run,schaefer100,none,all,44,-0.016178897355991203,-0.15733073486083757,-1.0436140310485729,0.30249584770976157,0.3052,24
3,within,run,schaefer400,none,all,44,-0.011725729915229714,-0.1558103874634281,-1.0335291873121717,0.3071342947425249,0.3104,24
3,edgewise,run,schaefer400,none,all,44,-0.028942594305705515,-0.15558088550010585,-1.0320068435101921,0.3078386990741506,0.3148,27
1,concat,run,schaefer400,none,all,44,-0.036379716567886064,-0.15131045644271063,-1.00368002175577,0.3211477246290127,0.3288,26
1,between,cond,schaefer200,none,all,44,-0.030625644604329937,-0.1512404238424377,-1.0032154780393734,0.3213691815457141,0.328,27
0,between,run,schaefer100,none,all,44,-0.055200487880813304,-0.14933967232866865,-0.9906073188576295,0.32741915740872096,0.3461,28
0,between,run,schaefer200,none,common,44,-0.0491186369315799,-0.14737831144002161,-0.977597122565389,0.33374179432945394,0.3584,27
3,within,run,schaefer200,none,all,44,-0.01274227157453016,-0.14573892655410958,-0.9667226734582894,0.33908866458907927,0.3447,24
1,concat,run,schaefer800,none,all,44,-0.02909693277754154,-0.14227518002176098,-0.9437467782248996,0.3505717758661073,0.3594,25
1,concat,run,schaefer600,none,all,44,-0.0308315424222091,-0.14205974727748177,-0.9423177590642381,0.3512943241160156,0.3596,26
1,between,cond,schaefer400,none,all,44,-0.0255466875376219,-0.1405608020107003,-0.9323748810018514,0.35634871232794396,0.3613,26
0,between,run,schaefer400,none,common,44,-0.04123333220535063,-0.14008087893122775,-0.9291914314361668,0.35797697597402955,0.3872,28
1,concat,run,schaefer1000,none,all,44,-0.025831538634006616,-0.1337494907788531,-0.8871937536291102,0.3799101038591055,0.3888,26
0,between,run,schaefer200,none,all,44,-0.04260856609549775,-0.1321464939008606,-0.8765606752602859,0.3855961930199593,0.4136,28
2,edgewise,run,schaefer100,none,all,44,-0.03343037161065961,-0.1321197887569298,-0.8763835333755041,0.3856913741321455,0.4011,24
0,between,run,schaefer600,none,common,44,-0.034924212709936175,-0.13080980504119047,-0.8676940844423381,0.3903785774329863,0.4249,27
0,between,run,schaefer800,none,common,44,-0.03230705847191451,-0.1286291433715697,-0.853229211336654,0.39826020445460675,0.4323,26
1,between,cond,schaefer600,none,all,44,-0.021258703575842572,-0.12780456017291233,-0.8477595451798989,0.40126620200408714,0.4096,26
0,between,run,schaefer400,none,all,44,-0.03571646748179136,-0.12539217901862834,-0.83175761889973,0.41014113639334804,0.443,28
1,between,cond,schaefer800,none,all,44,-0.0194776399619731,-0.12346655885394268,-0.8189844997497205,0.4173112981593865,0.4239,26
0,between,run,schaefer1000,none,common,44,-0.029214773983566308,-0.12230457653245072,-0.8112767810028907,0.4216747847049719,0.4567,27
1,between,run,schaefer100,none,all,44,-0.038886786625066984,-0.11935036493918644,-0.7916807581905394,0.4328924948843438,0.4545,26
2,edgewise,cond,schaefer1000,none,all,44,-0.008238711854146784,-0.11838947398266815,-0.7853069286561056,0.43657938071400404,0.4449,30
3,edgewise,run,schaefer200,none,all,44,-0.025119714364682723,-0.11833077311206396,-0.784917551130783,0.43680521817344165,0.4493,25
2,edgewise,cond,schaefer800,none,all,44,-0.008462122302135914,-0.11757502853053545,-0.7799045087022346,0.43971897897149814,0.4477,31
0,between,run,schaefer600,none,all,44,-0.03012641735236972,-0.1166176607294551,-0.7735540491371323,0.4434266270048508,0.4803,28
0,between,run,schaefer800,none,all,44,-0.027754013560608474,-0.11417817161480574,-0.7573723089902359,0.45295732957036683,0.4924,28
1,between,cond,schaefer1000,none,all,44,-0.016721683962023462,-0.11133189188278833,-0.7384922251512458,0.46422723963121515,0.4733,26
1,between,run,schaefer200,none,all,44,-0.03050875889011563,-0.10787774191436356,-0.7155799863214799,0.47811861700885705,0.5039,26
0,between,run,schaefer1000,none,all,44,-0.02481294927054761,-0.10735912142466668,-0.71213984717565,0.480224460742127,0.525,28
2,edgewise,cond,schaefer600,none,all,44,-0.008170025018098588,-0.10510339953362868,-0.6971770808877221,0.48944437437321053,0.4979,30
3,within,cond,schaefer800,none,all,44,-0.0046510681092766645,-0.09955120392303758,-0.6603479816817444,0.5125526666072371,0.5222,23
1,between,run,schaefer400,none,all,44,-0.02438505375003404,-0.09780356114372388,-0.6487554309486294,0.5199464447175886,0.5454,26
3,within,cond,schaefer100,none,all,44,-0.006604489872132535,-0.09655150347845176,-0.6404502199654375,0.5252783537826616,0.5294,25
3,within,cond,schaefer1000,none,all,44,-0.004296172152425809,-0.09640059803030916,-0.6394492264648186,0.5259229377605446,0.5337,21
2,edgewise,cond,schaefer400,none,all,44,-0.00843868596235945,-0.0960991516499747,-0.6374496573888583,0.5272118008386533,0.5353,30
1,between,run,schaefer600,none,all,44,-0.01989189582672205,-0.08811464009121234,-0.5844863994395173,0.5619473887387069,0.5857,25
1,between,run,schaefer800,none,all,44,-0.018182452931400788,-0.0855755642556147,-0.5676440757176463,0.573228727453029,0.5979,25
3,within,cond,schaefer400,none,all,44,-0.004565333039453523,-0.08528575319375246,-0.5657216866130633,0.5745234229232732,0.579,22
2,edgewise,cond,schaefer200,none,all,44,-0.008595972864731311,-0.08362501026607665,-0.5547055642843892,0.5819700846340373,0.5878,29
3,within,cond,schaefer600,none,all,44,-0.004099015309212591,-0.0831049899065784,-0.5512561394527864,0.5843113849267763,0.5901,23
1,between,run,schaefer1000,none,all,44,-0.0156523323890156,-0.07790748553542282,-0.5167797957620761,0.6079578026070387,0.6347,25
2,concat,cond,schaefer100,none,all,44,-0.014595664526351367,-0.07513999569611444,-0.4984223449458624,0.620726393335041,0.6228,22
3,edgewise,run,schaefer100,none,all,44,-0.018945518358376764,-0.07451750946333953,-0.49429323840330996,0.6236149737016402,0.638,24
3,within,cond,schaefer200,none,all,44,-0.004255577568595571,-0.07037140390077361,-0.46679108541883685,0.6430059129820966,0.6459,23
2,concat,cond,schaefer200,none,all,44,-0.011253358349206587,-0.06757242747493167,-0.4482247762157014,0.6562413999315675,0.6589,23
2,between,cond,schaefer100,none,all,44,-0.012154781510590462,-0.06504621853633484,-0.4314678018329661,0.6682838792436474,0.674,22
2,between,cond,schaefer200,none,all,44,-0.009790821681882363,-0.06035914279561173,-0.4003772586410548,0.6908609694785129,0.6964,22
2,concat,cond,schaefer400,none,all,44,-0.008905152212450524,-0.05977784813420773,-0.3965213860720273,0.6936814706928551,0.6979,24
2,edgewise,cond,schaefer100,none,all,44,-0.007712663907877461,-0.0594732183596135,-0.3945007007474281,0.6951613249176471,0.7,25
2,concat,run,schaefer100,none,all,44,-0.016298871061950562,-0.058098295651978805,-0.3853804952735005,0.7018554274023083,0.7071,23
2,concat,run,schaefer200,none,all,44,-0.01243902003738999,-0.05255334364257057,-0.3485994446820318,0.7290911533113618,0.7359,23
2,between,cond,schaefer400,none,all,44,-0.007183919205704523,-0.049502582302369695,-0.32836298330129565,0.7442309513791743,0.7504,23
2,concat,cond,schaefer600,none,all,44,-0.0066445168796481595,-0.0492222618671858,-0.32650354789214736,0.7456273315915796,0.7475,22
2,concat,cond,schaefer800,none,all,44,-0.00601966112815592,-0.047010821963760975,-0.31183451507998755,0.756673331928372,0.7631,24
2,between,run,schaefer100,none,all,44,-0.011627469432054312,-0.044052948417104484,-0.2922142016168328,0.7715281647983142,0.7805,22
2,concat,run,schaefer400,none,all,44,-0.008644403437428151,-0.041713052366878736,-0.276693087122766,0.7833414915229373,0.7897,24
2,between,run,schaefer200,none,all,44,-0.009116307268975976,-0.04049352973053459,-0.2686036891065689,0.7895191965711923,0.7967,21
2,between,cond,schaefer600,none,all,44,-0.005185133858951581,-0.039411732953798524,-0.2614278610908701,0.7950107288170541,0.7995,22
2,concat,cond,schaefer1000,none,all,44,-0.004622035918409899,-0.037931630294011795,-0.2516099707434308,0.8025411975344307,0.8069,23
2,between,cond,schaefer800,none,all,44,-0.004269170085904964,-0.034181515369855704,-0.2267345224951551,0.8217046394315819,0.8257,24
2,concat,run,schaefer800,none,all,44,-0.005930567943606269,-0.033970454895662174,-0.22533450569320623,0.822786578651007,0.8316,24
2,concat,run,schaefer600,none,all,44,-0.006082539558258797,-0.03266708102789304,-0.21668890153131723,0.8294755915947851,0.8362,24
2,between,run,schaefer400,none,all,44,-0.00559389427600203,-0.02827951300864633,-0.18758506780730888,0.8520843135566356,0.8577,23
2,concat,run,schaefer1000,none,all,44,-0.004596916658021564,-0.027898667440631367,-0.18505882410295804,0.854053014711021,0.8593,24
2,between,cond,schaefer1000,none,all,44,-0.002797156267820612,-0.02375352767437551,-0.15756307748645373,0.875538669489112,0.8799,22
2,between,run,schaefer600,none,all,44,-0.003274834880112011,-0.01842149635362022,-0.12219438296371685,0.9033143782137965,0.9069,23
2,between,run,schaefer800,none,all,44,-0.00261361752235503,-0.015653416097928145,-0.10383301576827354,0.9177846496910917,0.9228,23
3,edgewise,cond,schaefer1000,none,all,44,-0.0009203646469037647,-0.012490541328501128,-0.08285287803013103,0.9343530201478758,0.935,28
2,between,run,schaefer1000,none,all,44,-0.0012849123454861887,-0.008198242315347999,-0.05438098740084765,0.9568835074427942,0.9559,23
3,edgewise,cond,schaefer800,none,all,44,0.00019579154385414679,0.002561399387857893,0.01699040141554127,0.9865228649507144,0.9864,28
3,edgewise,cond,schaefer600,none,all,44,0.0005988927726145984,0.007322928362746263,0.04857481149176187,0.9614830653348102,0.9641,29
3,between,run,schaefer200,none,all,44,0.003131518974688592,0.01609672882769457,0.10677361974712045,0.9154651830892744,0.9201,21
3,edgewise,cond,schaefer400,none,all,44,0.001492091878278413,0.016325022787885564,0.10828795056283616,0.9142710103645947,0.922,27
3,concat,run,schaefer200,none,all,44,0.004255194669066033,0.017964049930813783,0.1191600266714384,0.9057035447343683,0.9088,22
3,between,run,schaefer100,none,all,44,0.004251630727032471,0.01837670430458984,0.1218972661232669,0.9035482799755592,0.9046,22
3,concat,run,schaefer100,none,all,44,0.005564200539519535,0.019632156307947405,0.130224992598141,0.8969957330815199,0.8995,23
3,between,run,schaefer400,none,all,44,0.0038104110316763335,0.02230527504917825,0.14795645636760069,0.8830687675575052,0.8857,21
3,concat,run,schaefer400,none,all,44,0.004631156623418065,0.022317245212212403,0.14803585744652803,0.8830064835985881,0.8872,22
3,between,cond,schaefer200,none,all,44,0.003943165530653173,0.027754939117299163,0.18410543826247844,0.8547962333916466,0.8539,21
3,between,cond,schaefer400,none,all,44,0.0036805038314909537,0.029049096367107362,0.19268990629714253,0.8481090373652616,0.8485,21
3,concat,run,schaefer600,none,all,44,0.005517280069557107,0.029637021982645725,0.1965897636399015,0.8450747995808142,0.8547,24
3,concat,run,schaefer800,none,all,44,0.005393040079521323,0.03102610819516663,0.20580391917667695,0.8379153603167837,0.849,22
3,between,cond,schaefer100,none,all,44,0.00517799951213181,0.03105215817022904,0.2059767151628372,0.8377812276715876,0.8398,22
3,concat,run,schaefer1000,none,all,44,0.005127892190246594,0.0311202829272292,0.20642860367864455,0.8374304729153338,0.8467,24
3,between,run,schaefer600,none,all,44,0.004895151672296553,0.03204081155141882,0.21253469978908265,0.8326942439440795,0.8358,21
3,between,cond,schaefer600,none,all,44,0.004172051765400574,0.03663029767269901,0.24297790667874247,0.809177864587019,0.8091,22
3,between,run,schaefer800,none,all,44,0.005411493678165887,0.03789239592573838,0.2513497193865317,0.8027410761934106,0.8071,22
3,edgewise,cond,schaefer200,none,all,44,0.0040731517577930094,0.03834920665292761,0.25437985895112386,0.800414694742358,0.8176,25
3,between,run,schaefer1000,none,all,44,0.005511289580411138,0.04105891828306437,0.2723540524855757,0.7866533920714631,0.7927,21
3,between,cond,schaefer800,none,all,44,0.004807989358639748,0.044807971876848,0.2972224606646033,0.7677278344491106,0.7695,21
3,between,cond,schaefer1000,none,all,44,0.0048396297714154496,0.04786301929425926,0.3174873526651982,0.7524104184900924,0.7578,22
3,concat,cond,schaefer400,none,all,44,0.007533205880135501,0.05006579169972019,0.3320988918001232,0.7414280304455267,0.7462,19
3,concat,cond,schaefer200,none,all,44,0.008808469789660515,0.052255394859466175,0.3466230760414313,0.7305650667666342,0.7375,19
3,concat,cond,schaefer100,none,all,44,0.01102898781858789,0.0552598991762383,0.36655270304090376,0.7157502467296086,0.7239,20
3,concat,cond,schaefer600,none,all,44,0.007697600798299717,0.056653255054211406,0.3757951803342498,0.7089168100018339,0.7163,20
3,concat,cond,schaefer1000,none,all,44,0.007249458300564119,0.05951152409041824,0.3947547922202274,0.694975174112822,0.7037,21
3,concat,cond,schaefer800,none,all,44,0.0077771665361637396,0.06094380729815426,0.40425548420740154,0.6880285916802258,0.6966,20
3,edgewise,cond,schaefer100,none,all,44,0.009526370739430407,0.07113047558901563,0.47182619737659764,0.6394363919709964,0.6826,23
