predictor,r,p_raw,p_fwer_maxstat,rho,p_spearman
IND_pre,0.19221373500628158,0.2113027613194058,0.74505,0.14525888169579418,0.3468060759757613
IND_post,0.14541342541682573,0.3462877567913472,0.9051,0.078003377404592,0.6147615861825209
HI_pre,0.350258129560066,0.019761885061758914,0.1314,0.2920877626990372,0.05436695422729476
HI_post,0.3467698960843124,0.021107246275327323,0.13835,0.29220479934058563,0.05426593460393202
VI_pre,-0.09324283398577188,0.5471666811309395,0.98755,-0.04226443126998484,0.7853134087129541
VI_post,-0.12062272555642523,0.4354258425125486,0.95835,-0.08221544918122928,0.5957269583273368
COL_pre,-0.06302273558111457,0.6844375987499315,0.999,-0.05310370573231683,0.7320866497231552
COL_post,-0.08806012832601195,0.5697532427778277,0.99105,-0.08760182201469549,0.5717710070228572
HC_pre,-0.08217447924817355,0.5959108508271866,0.99415,-0.12332317377184394,0.42514049238523044
HC_post,-0.17157355139802538,0.2654469998513267,0.8209,-0.18830718540866065,0.22090837618521483
VC_pre,-0.016049174792763753,0.917645512820824,1.0,0.06511860414045254,0.6745153111428496
VC_post,0.019137011546167614,0.9018716329751909,1.0,0.0509794301131277,0.7424292959207711
