subject,S1,S2
1,0.1487416148579387,0.1487416148579387
2,0.2135427368820891,0.2468770203392757
5,0.1614330529749303,0.145623399640947
7,0.1860876197025069,0.1779470550523677
8,0.1750092874150417,0.1917193521559888
9,0.1863345758607242,0.2222413160306406
10,0.1305336864200557,0.1435722103565459
11,0.1539872120194985,0.1758496436606963
12,0.2081925741486907,0.2297496971612813
13,0.1774111880222841,0.2117841275403899
14,0.166264186030362,0.1610419705735375
15,0.2197983237955431,0.1920022685916434
16,0.1330075756462116,0.1705251937407075
17,0.1192369180194985,0.1508932961771308
18,0.1476717228412256,0.1528707079264623
19,0.124107958740947,0.1283633547977715
20,0.1398646450348189,0.1608525771754874
22,0.2648904882183843,0.3482925553398328
23,0.1641961726824512,0.2327291587548746
24,0.131220741140947,0.1436886994758495
25,0.095409038649025,0.1099891041841225
26,0.140123380016713,0.17257327363844
27,0.2275012589242339,0.4192415375208912
29,0.2491791590250696,0.193195062239805
31,0.1552458958022283,0.2071794475145125
32,0.1045547378417827,0.1657762466515319
33,0.2526396713119777,0.3148920168590529
36,0.1420126347688022,0.1516827479019498
37,0.1305485725540389,0.1472671023348189
38,0.1538459669377158,0.1515178836267409
39,0.1758415418279665,0.1668785140797214
40,0.1054546182814205,0.1322244890559888
41,0.1231440856373258,0.1510183468933147
42,0.2036274079777158,0.2671996905760445
43,0.243505381281337,0.227025248735376
44,0.204359858287065,0.185623029714206
46,0.2387996682390529,0.2169647139880222
47,0.1110824176963788,0.1789598558105849
48,0.1351651396713091,0.1270537931316991
49,0.1525857850278551,0.2869631928445682
50,0.1379936936657381,0.1183090139052924
52,0.1955419917454038,0.1413060777738161
53,0.1718686195742323,0.1887638061225626
55,0.1387630768523676,0.1380720826986072
