subject,infection,neutral
1,0.1399091808333333,0.1462384270666666
2,0.2286215800825,0.2376197229583916
5,0.1429242624971666,0.1553298140274999
7,0.1726371553716666,0.1755253349008333
8,0.1768530717524999,0.1748571850895833
9,0.1978370480033333,0.1965523139674999
10,0.1277368842006666,0.1367961313999999
11,0.1605189625861666,0.1760699805632708
12,0.1959159845240833,0.2260519445590416
13,0.1854502954083333,0.1943310296258333
14,0.1572645861179999,0.1561640109462083
15,0.2098378607033333,0.2004810089821666
16,0.1390241175399999,0.1609675818613583
17,0.1282105513905999,0.1363562028245833
18,0.1303275859175,0.1599995003445833
19,0.1203675835849999,0.1256015041566666
20,0.1448815003049999,0.1526428819689583
22,0.2869115136658333,0.2976862111308333
23,0.1884833782675,0.1816142205224999
24,0.1430746176216666,0.1300370758529374
25,0.0943563796620833,0.1039988579944166
26,0.1571477571163333,0.1540825117136666
27,0.3182482018937499,0.3863313318425
29,0.1963371985291999,0.2316259621022708
31,0.1673052506833333,0.1724771238029791
32,0.1250951985463333,0.1431765628634166
33,0.2511498549349999,0.2979207293533333
36,0.1446252743466666,0.1495457954336666
37,0.1549318353864166,0.1260620296886249
38,0.1592707477749999,0.1504021436388083
39,0.1632758580686666,0.1725410917824166
40,0.1249387058733333,0.1153534423103541
41,0.1563884537819999,0.1285223262063333
42,0.2318997655020833,0.2281787512158333
43,0.2438130369383333,0.2276846649420833
44,0.1565577434231666,0.2319190905566854
46,0.2186023453518333,0.2215976399255833
47,0.1387408198316666,0.1466615427441666
48,0.1277576836291666,0.1232302604799999
49,0.2117281814688333,0.2422472857723333
50,0.1234548988824999,0.12955375025
52,0.1621127265406666,0.1590040104541666
53,0.17692380169215,0.1686348903298518
55,0.1387207548316666,0.1362602671159166
