subject,session,task,mean_fd,max_fd,n_outliers_0.5mm,n_volumes
13,S2,picrate,0.2117841275403899,0.5811388,6,359
13,S1,picrate,0.1774111880222841,0.6758549,7,359
14,S2,picrate,0.1610419705735375,0.6003882050000001,1,359
14,S1,picrate,0.166264186030362,2.05057913,4,359
22,S2,picrate,0.3482925553398328,2.14123145,67,359
22,S1,picrate,0.2648904882183843,1.100631,26,359
25,S2,picrate,0.1099891041841225,0.35191741,0,359
25,S1,picrate,0.095409038649025,0.40507645,0,359
49,S2,picrate,0.2869631928445682,1.87128495,43,359
49,S1,picrate,0.1525857850278551,0.443902925,0,359
40,S2,picrate,0.1322244890559888,0.376211045,0,359
40,S1,picrate,0.1054546182814205,0.5241503,1,359
47,S2,picrate,0.1789598558105849,1.15574434,15,359
47,S1,picrate,0.1110824176963788,0.4335271150000001,0,359
24,S2,picrate,0.1436886994758495,0.6291203,1,359
24,S1,picrate,0.131220741140947,0.4349254499999999,0,359
23,S2,picrate,0.2327291587548746,2.80356355,20,359
23,S1,picrate,0.1641961726824512,0.8884908,5,359
15,S2,picrate,0.1920022685916434,0.5356621899999999,4,359
15,S1,picrate,0.2197983237955431,0.6197556905000001,7,359
12,S2,picrate,0.2297496971612813,0.9585339,12,359
12,S1,picrate,0.2081925741486907,0.7646748500000001,10,359
46,S2,picrate,0.2169647139880222,0.7669144499999999,19,359
46,S1,picrate,0.2387996682390529,1.20980505,24,359
41,S2,picrate,0.1510183468933147,1.07499715,9,359
41,S1,picrate,0.1231440856373258,1.74141324,5,359
48,S2,picrate,0.1270537931316991,0.5840921199999999,1,359
48,S1,picrate,0.1351651396713091,0.6536411999999999,3,359
52,S2,picrate,0.1413060777738161,0.5390607,1,359
52,S1,picrate,0.1955419917454038,0.539009361,3,359
55,S2,picrate,0.1380720826986072,0.39268307,0,359
55,S1,picrate,0.1387630768523676,0.4273085,0,359
8,S2,picrate,0.1917193521559888,0.8742106400000001,14,359
8,S1,picrate,0.1750092874150417,1.0360526,11,359
37,S2,picrate,0.1472671023348189,0.748955045,5,359
37,S1,picrate,0.1305485725540389,0.58575635,2,359
1,S2,picrate,0.1487416148579387,0.3573058500000001,0,359
1,S1,picrate,0.1487416148579387,0.3573058500000001,0,359
39,S2,picrate,0.1668785140797214,1.56854434951,5,359
39,S1,picrate,0.1758415418279665,1.05166967,7,359
53,S2,picrate,0.1887638061225626,1.9227521,23,359
53,S1,picrate,0.1718686195742323,1.23722455,17,359
38,S2,picrate,0.1515178836267409,0.6540614,1,359
38,S1,picrate,0.1538459669377158,0.55734955,2,359
7,S2,picrate,0.1779470550523677,0.48173479,0,359
7,S1,picrate,0.1860876197025069,0.47416085,0,359
9,S2,picrate,0.2222413160306406,1.82772507,18,359
9,S1,picrate,0.1863345758607242,1.1718691000000003,12,359
36,S2,picrate,0.1516827479019498,0.46263363,0,359
36,S1,picrate,0.1420126347688022,0.59131845,1,359
31,S2,picrate,0.2071794475145125,1.1421456,19,359
31,S1,picrate,0.1552458958022283,1.2012199,13,359
44,S2,picrate,0.185623029714206,1.130507805,17,359
44,S1,picrate,0.204359858287065,1.17532445,20,359
43,S2,picrate,0.227025248735376,0.8241081999999998,13,359
43,S1,picrate,0.243505381281337,1.6897434999999998,24,359
17,S2,picrate,0.1508932961771308,0.4492027299999999,0,359
17,S1,picrate,0.1192369180194985,0.495438,0,359
10,S2,picrate,0.1435722103565459,0.4669832,0,359
10,S1,picrate,0.1305336864200557,0.4275086,0,359
26,S2,picrate,0.17257327363844,0.4862491000000002,0,359
26,S1,picrate,0.140123380016713,0.3678946,0,359
19,S2,picrate,0.1283633547977715,0.7125963049999999,1,359
19,S1,picrate,0.124107958740947,0.3477490000000001,0,359
42,S2,picrate,0.2671996905760445,1.63217547,27,359
42,S1,picrate,0.2036274079777158,0.6891286499999999,4,359
20,S2,picrate,0.1608525771754874,0.5272136499999999,2,359
20,S1,picrate,0.1398646450348189,0.4547443999999999,0,359
27,S2,picrate,0.4192415375208912,3.6259975,66,359
27,S1,picrate,0.2275012589242339,1.4754334999999998,22,359
18,S2,picrate,0.1528707079264623,0.7577530049999999,5,359
18,S1,picrate,0.1476717228412256,0.46254785,0,359
11,S2,picrate,0.1758496436606963,1.4000385999999998,10,359
11,S1,picrate,0.1539872120194985,0.8001721499999999,4,359
16,S2,picrate,0.1705251937407075,1.6811369,13,359
16,S1,picrate,0.1330075756462116,0.4579755499999999,0,359
29,S2,picrate,0.193195062239805,1.1194989999999998,12,359
29,S1,picrate,0.2491791590250696,2.8520155,19,359
33,S2,picrate,0.3148920168590529,3.8298328,27,359
33,S1,picrate,0.2526396713119777,3.097553,18,359
5,S2,picrate,0.145623399640947,0.51384516,3,359
5,S1,picrate,0.1614330529749303,1.1990406,8,359
2,S2,picrate,0.2468770203392757,1.7621636999999997,20,359
2,S1,picrate,0.2135427368820891,1.571179945,14,359
32,S2,picrate,0.1657762466515319,0.959081962,17,359
32,S1,picrate,0.1045547378417827,0.6554498700000001,3,359
50,S2,picrate,0.1183090139052924,0.37160395,0,359
50,S1,picrate,0.1379936936657381,0.4677869000000001,0,359
