SubjectID,PVD_1,PVD_2,PVD_3,PVD_4,PVD_5,PVD_6,PVD_7,PVD_8,PVD_9,PVD_10,PVD_11,PVD_12,PVD_13,PVD_14,PVD_15,IND_1,IND_2,IND_3,IND_4,IND_5,IND_6,IND_7,IND_8,COL_1,COL_2,COL_3,COL_4,COL_5,COL_6,COL_7,COL_8
1,3,3,2,2,3,4,2,2,2,2,4,2,4,2,2,4,2,4,4,4,2,2,4,5,5,5,5,4,4,4,4
2,2,5,2,2,4,2,6,1,0,3,5,1,6,2,5,4,1,4,6,5,5,6,5,5,5,4,6,4,1,2,5
5,2,2,3,2,2,4,1,6,2,0,4,4,5,0,3,6,6,5,5,5,1,0,1,2,5,3,4,0,1,0,4
7,2,4,2,3,3,3,2,5,4,5,4,1,5,5,2,4,4,5,4,4,2,4,2,2,3,2,4,2,4,2,4
8,4,0,4,0,1,5,4,1,0,1,4,1,4,6,4,3,2,5,5,4,3,4,4,4,4,3,4,2,1,2,5
9,3,1,3,4,4,4,6,1,1,0,5,1,6,3,4,6,6,6,6,1,0,5,1,6,6,0,6,1,0,6,5
10,2,4,2,4,3,2,4,4,2,0,5,1,5,4,2,4,4,5,4,4,2,2,2,2,4,1,2,2,2,2,4
11,2,1,2,2,0,4,5,4,4,3,2,5,4,6,2,6,2,4,4,2,1,6,2,2,4,4,4,1,2,1,4
12,2,2,2,2,2,4,1,1,0,5,2,5,5,2,4,2,2,4,5,2,1,1,2,2,4,4,5,4,2,2,5
13,2,5,1,4,5,1,4,0,0,4,5,5,4,4,4,1,1,6,5,5,1,5,4,5,5,6,5,1,1,4,5
14,2,2,2,5,4,1,4,2,0,1,1,1,1,5,4,5,4,4,2,3,1,1,1,4,5,4,5,4,2,1,2
15,2,3,1,3,3,2,2,5,4,1,4,0,3,6,2,5,5,5,5,3,2,3,4,4,1,3,4,2,2,1,4
16,1,2,2,0,0,5,2,0,0,2,0,6,6,3,2,2,2,4,5,4,1,6,4,5,2,4,5,2,0,0,5
17,1,5,1,3,3,1,1,1,1,4,4,4,5,5,4,6,5,4,5,4,2,4,5,5,4,5,5,1,1,1,5
18,2,3,3,3,2,4,6,0,0,4,1,1,1,4,4,2,2,3,5,3,2,5,4,4,4,5,5,2,4,3,6
19,1,3,2,2,2,3,1,1,0,1,1,2,5,3,3,5,4,4,5,3,3,3,0,4,3,3,4,3,1,1,3
20,1,5,1,2,4,4,1,5,2,6,4,0,6,4,4,2,4,5,5,5,4,5,5,2,5,4,5,1,2,2,4
22,3,2,1,5,5,1,0,3,3,5,4,1,6,6,4,4,3,6,5,3,3,5,4,3,4,3,1,0,0,0,0
23,2,0,2,0,1,4,0,1,0,2,1,5,1,5,4,4,4,4,4,5,4,5,5,4,2,4,4,5,4,4,4
24,1,4,1,2,3,3,3,0,0,5,1,4,4,2,4,6,2,5,5,2,1,1,5,4,4,2,4,0,1,1,4
25,0,1,0,5,4,2,0,0,0,6,0,6,6,6,5,2,1,2,6,3,2,6,4,5,5,5,6,4,5,5,6
26,2,2,2,2,2,5,4,4,4,5,0,5,6,5,2,3,3,5,4,2,1,4,2,2,2,2,2,2,1,2,4
27,2,2,3,3,3,3,2,1,1,5,0,2,4,4,3,4,2,5,5,3,1,5,3,5,5,4,5,2,2,3,5
29,0,4,0,4,3,4,1,0,2,3,3,6,6,5,1,3,2,5,5,4,2,4,2,5,5,4,5,2,1,4,4
31,1,3,2,4,3,2,2,2,1,2,1,1,6,5,5,4,5,5,6,4,5,6,6,3,4,4,5,4,4,4,4
32,1,4,1,3,4,3,1,3,5,2,6,4,6,4,1,2,1,5,5,4,4,4,5,5,5,5,6,5,4,3,5
33,4,1,4,2,2,2,5,2,1,5,0,5,6,2,3,4,2,5,4,3,3,6,5,3,4,2,4,1,1,1,4
36,1,5,2,5,5,1,1,5,2,1,5,0,1,5,2,6,6,4,5,4,1,4,4,5,5,4,4,2,4,2,4
37,1,6,1,2,5,1,0,1,0,2,1,0,6,6,2,1,1,6,6,4,0,2,5,6,6,4,6,5,1,0,6
38,2,4,3,5,3,4,5,4,4,2,5,2,6,6,0,6,5,6,6,6,5,6,6,1,1,2,4,5,5,4,4
39,1,5,1,5,5,1,1,1,1,5,1,5,5,1,5,2,2,4,2,2,2,4,4,4,4,5,5,2,4,2,5
40,4,2,3,1,1,5,1,1,1,4,2,1,5,6,5,4,2,5,4,5,5,6,5,5,5,2,5,3,1,5,5
41,2,2,3,2,2,3,2,2,3,2,4,4,6,4,2,1,1,1,2,2,2,2,4,6,5,5,5,3,2,2,5
42,4,2,4,2,4,4,4,0,0,6,0,6,2,0,5,2,2,4,6,4,2,5,2,4,4,6,6,5,0,0,5
43,2,2,4,2,4,4,5,2,4,5,1,0,2,6,1,2,1,5,5,5,5,5,4,2,5,2,5,6,4,4,5
44,4,2,4,2,2,4,2,4,2,2,3,2,2,4,2,5,4,4,6,4,0,1,2,4,4,4,3,5,4,3,3
46,2,3,3,1,1,4,2,0,0,3,0,2,6,2,3,5,5,5,6,4,1,4,2,2,2,4,3,3,3,2,4
47,1,2,2,2,2,4,1,0,0,6,0,4,5,4,4,5,4,5,4,4,1,4,4,4,4,2,5,0,1,0,4
48,1,5,1,4,5,1,3,1,0,6,1,6,1,4,6,5,3,5,5,4,4,5,4,5,5,6,5,6,2,2,5
49,3,3,3,2,3,4,5,4,0,1,1,0,6,5,4,4,2,5,5,5,4,4,4,5,5,5,5,4,2,2,5
50,2,3,2,3,2,2,2,1,2,2,2,0,4,4,4,2,1,4,5,4,4,5,2,3,4,5,4,4,4,4,4
52,3,1,3,1,1,3,2,4,1,1,1,0,4,4,1,5,0,3,4,1,0,4,4,4,4,1,4,2,1,1,4
53,2,4,3,4,3,2,5,1,1,1,1,2,5,5,1,5,1,5,5,5,4,6,5,4,4,3,5,4,2,2,5
55,1,4,0,5,4,2,1,4,5,5,1,2,6,4,1,1,1,2,1,2,2,5,6,4,4,1,4,1,2,0,4
