SubjectID,IND_pre,IND_post,HI_pre,HI_post,VI_pre,VI_post,COL_pre,COL_post,HC_pre,HC_post,VC_pre,VC_post,PVD_pre,PVD_post
1,27,26,15,14,12,12,37,36,20,20,17,16,44,47
2,32,36,14,15,18,21,34,32,21,20,13,12,35,42
5,27,29,21,22,6,7,21,19,14,14,7,5,51,50
7,33,29,19,17,14,12,23,23,11,11,12,12,48,50
8,30,30,16,15,14,15,28,25,17,15,11,10,54,61
9,34,31,24,24,10,7,25,30,17,18,8,12,28,54
10,28,27,18,17,10,10,19,19,9,9,10,10,49,52
11,24,27,14,16,10,11,23,22,14,14,9,8,42,56
12,20,19,13,13,7,6,26,28,14,15,12,13,27,35
13,24,28,9,13,15,15,33,32,20,21,13,11,34,30
14,30,21,17,15,13,6,27,27,16,18,11,9,42,37
15,34,32,19,20,15,12,28,21,17,12,11,9,50,53
16,27,28,13,13,14,15,22,23,16,16,6,7,40,43
17,35,35,20,20,15,15,27,27,17,19,10,8,31,33
18,27,26,10,12,17,14,34,33,20,18,14,15,38,40
19,32,27,20,18,12,9,19,22,11,14,8,8,39,40
20,36,35,17,16,19,19,26,25,14,16,12,9,41,43
22,26,33,14,18,12,15,12,11,11,11,1,0,36,41
23,37,35,18,16,19,19,34,31,15,14,19,17,37,40
24,28,27,18,18,10,9,20,20,14,14,6,6,34,29
25,27,26,11,11,16,15,36,41,19,21,17,20,20,23
26,20,24,12,15,8,9,19,17,8,8,11,9,50,50
27,27,28,16,16,11,12,28,31,18,19,10,12,30,38
29,27,27,15,15,12,12,26,30,21,19,5,11,38,36
31,33,41,15,20,18,21,30,32,15,16,15,16,40,40
32,30,30,14,13,16,17,36,38,20,21,16,17,43,48
33,35,32,17,15,18,17,22,20,13,13,9,7,49,44
36,37,34,22,21,15,13,30,30,19,18,11,12,47,41
37,23,25,13,14,10,11,29,34,19,22,10,12,34,36
38,43,46,22,23,21,23,27,26,9,8,18,18,55,59
39,25,22,11,10,14,12,34,31,19,18,15,13,18,19
40,32,36,13,15,19,21,29,31,14,17,15,14,52,50
41,14,15,4,5,10,10,33,33,19,21,14,12,44,51
42,24,27,12,14,12,13,31,30,21,20,10,10,32,29
43,36,32,14,13,22,19,31,33,12,14,19,19,45,52
44,33,26,22,19,11,7,29,30,14,15,15,15,53,53
46,32,32,21,21,11,11,23,23,11,11,12,12,39,42
47,30,31,18,18,12,13,22,20,16,15,6,5,35,33
48,36,35,18,18,18,17,36,36,21,21,15,15,25,17
49,33,33,16,16,17,17,31,33,18,20,13,13,56,54
50,30,27,12,12,18,15,30,32,14,16,16,16,41,43
52,21,21,12,12,9,9,21,21,13,13,8,8,57,56
53,35,36,16,16,19,20,30,29,16,16,14,13,48,46
55,26,20,10,5,16,15,24,20,15,13,9,7,33,39
