feature,inf_mean,inf_sd,neu_mean,neu_sd,t,p,cohens_d,p_fdr,sig_fdr
luminance,114.3409165904119,47.93264448865508,112.3518917507596,25.09698140424652,0.1706376645367529,0.8658291138714935,0.0519893516619366,0.8658291138714935,False
rms_contrast,44.06879074293054,11.69512819889903,57.97969553920419,11.54983554265272,-4.140916065470693,0.0001707007497302,-1.196872855387449,0.0011970728691805,True
hue_mean,44.77892175857993,34.08749784725632,68.15986374749079,26.98017735620222,-2.576309378222206,0.0144643178847294,-0.7606047412286601,0.0289286357694589,True
saturation_mean,100.9525405410562,34.54965169354361,98.37168091668023,45.85256086721189,0.226560505081062,0.8217440703605268,0.0635736044063223,0.8658291138714935,False
value_mean,145.5308984607758,59.26600479033125,135.1323674943712,21.2638524594431,0.7530133929777181,0.4593205606023749,0.2335536777364827,0.5741507007529687,False
sf_low,0.922531470119036,0.0407355385622038,0.8846588312327941,0.0635336510707538,2.567887169274534,0.0134037317446002,0.7096742486857365,0.0289286357694589,True
sf_mid,0.0526952243384549,0.0216250749608313,0.0856191881101622,0.0436877168271644,-3.529763705721197,0.0009728839561434,-0.9551687193481568,0.0032429465204782,True
sf_high,0.0247733055425087,0.0221405636229332,0.0297219806570435,0.0218417699405311,-0.778452332580974,0.4408284649105673,-0.2250249371982472,0.5741507007529687,False
edge_density,0.0466949305415777,0.0673219497376363,0.0988479614257812,0.08515428800694,-2.409949203997257,0.0199670207953846,-0.6794499015907652,0.0332783679923076,True
entropy,6.543585238964849,0.9641795836494672,7.525293320041868,0.3527792438339542,-4.362907739148895,0.0002394145738361,-1.352251249724739,0.0011970728691805,True
