SubjectID,EM_Inf,EM_Neu,Delta
1,0.03306538907873605,0.07633236118358935,-0.0432669721048533
2,0.2548654450378266,0.2902841362313393,-0.03541869119351271
5,0.3486862315013638,0.3736127660983161,-0.02492653459695232
7,0.20613006688442698,0.2722551298580591,-0.06612506297363213
8,0.26853439229443554,0.4357538682339295,-0.16721947593949393
9,0.059266623401376055,0.22521298257803332,-0.16594635917665726
10,0.026063504519404868,0.14027993187148974,-0.11421642735208487
11,0.1736464527281413,0.4851626848859324,-0.3115162321577911
12,0.3416480711354272,0.19340370523562597,0.14824436589980125
13,0.2988834722221778,0.32291647846155264,-0.02403300623937482
14,0.08667121618219258,0.09617173554229531,-0.009500519360102738
15,0.153965026223012,0.14474431274499194,0.00922071347802006
16,0.44305010592163974,0.2727170814300351,0.17033302449160465
17,0.2876488910090532,0.36362932592296315,-0.07598043491390993
18,0.3946728400219113,0.4319697645219487,-0.03729692450003741
19,0.026012741388606486,0.13601292961146863,-0.11000018822286214
20,0.10834883757525983,0.13962910718120577,-0.031280269605945946
22,0.22558487396846538,0.23675944025937232,-0.011174566290906934
23,0.3092675703251983,0.31548770153958,-0.006220131214381697
24,0.3932068359585512,0.4437717143060107,-0.050564878347459485
25,0.17692272726011485,0.19129795560200907,-0.014375228341894225
26,0.08536997686561336,0.08941172861975165,-0.00404175175413829
27,0.4689538127523369,0.39180438401494977,0.07714942873738712
29,0.04775336508372237,0.140670897601497,-0.09291753251777464
31,0.045110920268708846,0.33896653875628746,-0.29385561848757863
32,0.37888432101842756,0.36146762721243014,0.01741669380599742
33,0.15815884226389876,0.13876085792477016,0.019397984339128593
36,0.1281391656701602,0.12163099512113015,0.006508170549030051
37,0.14134911347389936,0.12196165585293169,0.019387457620967677
38,0.07012169533117145,0.18065647131424917,-0.11053477598307772
39,0.12668534920756774,0.33601449761903485,-0.2093291484114671
40,0.30192061375753243,0.17990756978872657,0.12201304396880586
41,0.30125326557320997,0.33476445092864066,-0.033511185355430684
42,0.12960331349272297,0.22428697797822086,-0.09468366448549789
43,0.08884241729852567,0.07006152776787149,0.018780889530654182
44,0.20736715296581656,0.09484779849966518,0.11251935446615138
46,0.07395827706377013,0.06607774604860175,0.007880531015168377
47,0.10806606784458644,0.09955023732154189,0.008515830523044554
48,0.02203288007516507,0.022975114150556683,-0.0009422340753916132
49,0.0831570895276249,0.06737638749555033,0.015780702032074573
50,0.025378799444386334,0.023519292672594404,0.0018595067717919293
52,0.023732522195856476,0.030221517165016244,-0.006488994969159768
53,0.07040706954363636,0.042031552657504724,0.028375516886131637
55,0.054223969874786775,0.04995523254679145,0.004268737327995327
