,Visual,Somatomotor,DorsalAttention,VentralAttention,Limbic,Control,DefaultMode
1,-0.0035671663752708804,-0.045813088893190024,-0.02917097242717659,-0.051285874259532904,-0.017992558891730737,-0.13057009963188437,-0.20495653923328488
2,0.1153515975060343,0.007912214096602699,0.15119903231361753,0.16566382223446374,-0.23329049815588643,0.19246063047250073,0.012427548848366832
5,-0.13213872059405918,-0.11210584791355571,-0.25339753030136314,-0.16401054504176904,-0.014361986040826169,-0.2126668453925864,-0.4343797816168118
7,-0.015922929197680347,-0.2488733287199294,-0.018053013718103417,-0.02862905761860729,-0.0335768322733867,-0.021224296212526694,0.0033099650025884553
8,0.042891638664554255,0.1384050497896796,-0.1015791368276654,0.32502616789298444,0.014749006114343488,0.047332038838658885,0.09322936824327177
9,-0.10320982082932884,-0.2369037789003473,-0.1929260155410879,0.09084749903118883,0.12109612056643154,-0.04993062201619625,-0.07115298837064221
10,0.2068484201780269,0.05474601777987492,0.06906331004675209,0.08328110293241792,-0.04234671825533287,0.04947101590268721,0.10351016883359615
11,0.2974931029910315,0.08421828938393483,-0.06456772066586636,0.07858200501426271,-0.018095421416163993,0.09651283082797579,0.21820072949409974
12,0.029684180009990402,-0.07819632084123651,-0.09024630995071015,-0.15235774379483102,-0.03889540667816194,-0.1853357708875944,0.07784761052244404
13,-0.1895086689999509,-0.07536034417432136,-0.07377925469960034,-0.007185680442108211,-0.1325435955605242,-0.1518062833600018,-0.20791117181784868
14,-0.13327164280756382,0.1429673562829576,-0.018590518490101793,0.1984963536246871,0.06828539145993773,0.18054524352527418,0.2054426056736477
15,-0.09223808442975223,-0.016829486097410862,-0.15638659595465154,-0.03750945877716577,-0.0028582713618376943,-0.020836393400742004,-0.01515325169982129
16,-0.3600519869912664,-0.08401028577593761,-0.3736981040843922,-0.1533243414284018,-0.10628102178156595,-0.3066758568910344,-0.25374678851543764
17,-0.023236961017558677,0.32267293864600355,0.10503700906392277,0.26745970227886096,0.15622012201943042,0.06123243550803237,0.01094385850936741
18,0.17444448607666707,0.2990005813665306,0.20148006751848468,0.0423523267815904,0.24574252118761164,0.18347977176668517,0.42047056517508863
19,0.07414808775828413,0.1252373894714845,-0.05319102914017554,-0.013041761780084316,-0.02760682881780946,0.019149831847612375,-0.029703815318470883
20,-0.1305307472882643,-0.40359937288986725,-0.26531165805363277,-0.6302666070070483,-0.051521564710987844,0.04330281959701965,0.017076739534445884
22,0.04178480652696015,0.27529347898381806,0.14942830481613245,0.39389436566894576,0.03364417531641162,0.116501470857578,0.23802904363151045
23,-0.08958573173502327,0.0023235019401861567,-0.06501384662025123,-0.032834872571996465,0.5204618136007848,-0.1275163453356536,-0.0907809305261037
24,-0.15483033615040165,0.2081604314763511,-0.07589005437926488,0.3686825113441272,0.033623404902795695,-0.05569937313571793,0.2448203732146933
25,-0.05270392667355084,-0.07262545900996664,-0.05133736251768717,-0.3163551727439553,0.05270709731835599,-0.01394266351353518,0.0029254670663337867
26,0.023871533383724552,-0.007898328846842384,0.004091182348708311,0.04640636860661479,0.017012359351635226,-0.0851497210518844,-0.0024861833957811053
27,-0.08973508019041188,-0.45737406793918356,-0.12145977796738028,-0.41955983051780854,-0.22613188138210916,0.03460585330118726,-0.1669451368241508
29,-0.0818141106690391,0.2683275102060896,0.36925924968604795,0.22795260486073676,0.01342239331222761,0.35752550594063404,0.18718566455681623
31,0.16886844166420167,0.3964407348983696,0.24047300583494102,0.6802031427587474,0.05614630382706148,0.31442673966501705,0.44360932454155544
32,0.006048155210328976,0.0559501288375055,0.06581847849371358,0.16159005319750686,-0.13564130254186574,0.04970168772810246,-0.033983196798280435
33,0.11239395004760722,0.14512130347570928,0.041857172140287724,0.1709216315156492,-0.006636944950786983,0.03917055054461957,0.017923057210300297
36,-0.04822059590473893,0.09282120603758781,-0.048823599418709396,-0.07592094916663916,-0.09245477086821913,-0.09061445523064782,0.1330464337396851
37,0.13612541427747715,0.4723936000015967,0.38636483440229075,0.7925593476203852,0.16502676813356443,0.567630869266412,0.6779692976521587
38,0.029839940991438052,0.2668507789553719,0.16216905799783787,0.4799925250844439,0.027718002900407934,0.34505579710351386,0.2295515721499889
39,-0.1944868924503943,-0.17513343804939097,-0.193990987942526,-0.12819508453608408,0.015016214335933475,-0.11756336198933098,-0.20230794383830736
40,0.15653798134718866,0.08603556300797632,0.1796676344907121,-0.013328584568483182,0.037392988710278796,0.05383041081504136,0.04970614468710155
41,0.21009019015100538,0.2508546375028613,-0.019582187028909015,0.2089871834712127,-0.013513226383417343,0.16880671482749932,0.3616257196410404
42,0.20476061146769386,0.018359967125052057,-0.003991251579777089,-0.1558368605377643,0.04437373094906827,-0.09156332755361757,-0.04427129373999367
43,-0.1446803399691502,0.1519866326106286,0.035060070649316155,0.08965092139007003,-0.015048215556798028,-0.0796364738203707,0.13811243048735533
44,-0.16875486462430522,-0.07852308072925929,-0.19109070119863325,-0.004826733275969386,-0.05221907195383518,-0.06080819712948127,0.084143201133701
46,0.14873923959606938,-0.012300079995543944,-0.013656576194592374,0.1094789335755979,0.06105765531385876,0.15052383332132147,0.13435079786393023
47,-0.04095272317329124,-0.09665799480574022,-0.05099632341034677,-0.005925638029023683,0.10352431437059961,0.01226361440175705,-0.027419162726655344
48,-0.11918843973548182,-0.21585869955133175,-0.039433831002489095,0.04263023023670587,0.07109670810931651,0.06177637333873054,-0.18709414651848205
49,-0.09224112776258231,-0.036324658560458745,-0.08309584128313408,-0.27201763046633665,0.02054548776827242,-0.11648155998741982,-0.14442635712401664
50,-0.04842770464442059,-0.020490191840756622,0.008981308422957968,0.14758699431526823,-0.3672381740794695,0.027458986802454566,2.2673447231169597e-05
52,0.17063072391203665,0.06643887761470502,-0.13833580379802424,-0.04151894026555092,0.08905963553840823,0.0029920254776632516,0.06841818631199553
53,0.3552499257665296,0.43121031294235745,0.5421135219119508,0.3856230355585064,-0.004423585694335652,0.40342661815652936,0.24186249855174868
55,0.03641487027490986,-0.08791930245129564,0.20980692903155507,-0.040854943940916044,-0.009764535523909212,0.15724725720323596,0.01532261498777332
