onset	duration	trial_type
0.0140524999997069	9.0	neutral
18.036224499999665	9.0	neutral
36.06750289999991	9.0	neutral
54.09923959999969	9.0	infection
72.20405039999969	9.0	infection
90.16069079999988	9.0	infection
108.19259250000005	9.0	neutral
126.2233624999999	9.0	infection
144.25757829999975	9.0	neutral
162.28653050000003	9.0	infection
180.3189855999999	9.0	neutral
198.3474013	9.0	infection
216.38068380000004	9.0	neutral
234.41185029999997	9.0	infection
252.4451326999997	9.0	neutral
270.47521789999973	9.0	infection
288.50681459999987	9.0	neutral
306.5387089999999	9.0	infection
324.57019139999966	9.0	neutral
342.602899	9.0	infection
360.6332322999997	9.0	neutral
378.66461409999965	9.0	infection
396.69671549999975	9.0	neutral
414.7269183999997	9.0	infection
432.7576068999997	9.0	neutral
450.78895639999973	9.0	infection
468.821578	9.0	neutral
486.85148260000005	9.0	infection
504.8825735999999	9.0	neutral
522.9126839999999	9.0	infection
540.9452683999998	9.0	neutral
558.9742461000001	9.0	infection
577.0063147000001	9.0	neutral
595.0370705	9.0	infection
613.0693799000001	9.0	neutral
631.1005491000001	9.0	infection
649.1295187000001	9.0	neutral
667.1618579000001	9.0	infection
685.1939434000001	9.0	neutral
703.2235734999999	9.0	infection
